# __GLIFunctionDispatchRec for iOS 3.1.3 (7E18), 822 slots (0xCE8 bytes), generated by contrib/ipad1-gles/glitsv.py.
# From this firmware: slot/dispatch_field (@encode in OpenGLES) and OpenGLES_export (trampolines). Carried from
# gli-dispatch-7B500.tsv by dispatch_field: gl_function (unless exported), es1/es2_filled, slot_3.1.3, prototype; - = no wire slot.
slot	byte_off	eagl_ctx_off	dispatch_field	gl_function	es1_filled	es2_filled	OpenGLES_export	slot_3.1.3	macOS_gliDispatch_prototype
0	0x000	0x010	accum	glAccum*				0	void (GLIContext, GLenum op, GLfloat value)
1	0x004	0x014	alpha_func	glAlphaFunc	Y		Y	1	void (GLIContext, GLenum func, GLclampf ref)
2	0x008	0x018	are_textures_resident	glAreTexturesResident*				2	GLboolean (GLIContext, GLsizei n, const GLuint *textures, GLboolean *residences)
3	0x00c	0x01c	array_element	glArrayElement*				3	void (GLIContext, GLint i)
4	0x010	0x020	begin	glBegin*				4	void (GLIContext, GLenum mode)
5	0x014	0x024	bind_texture	glBindTexture	Y	Y	Y	5	void (GLIContext, GLenum target, GLuint texture)
6	0x018	0x028	bitmap	glBitmap*				6	void (GLIContext, GLsizei width, GLsizei height, GLfloat xorig, GLfloat yorig, GLfloat xmove, GLfloat ymove, const GLubyte *bitmap)
7	0x01c	0x02c	blend_func	glBlendFunc	Y	Y	Y	7	void (GLIContext, GLenum sfactor, GLenum dfactor)
8	0x020	0x030	call_list	glCallList*				8	void (GLIContext, GLuint list)
9	0x024	0x034	call_lists	glCallLists*				9	void (GLIContext, GLsizei n, GLenum type, const GLvoid *lists)
10	0x028	0x038	clear	glClear	Y	Y	Y	10	void (GLIContext, GLbitfield mask)
11	0x02c	0x03c	clear_accum	glClearAccum*				11	void (GLIContext, GLfloat red, GLfloat green, GLfloat blue, GLfloat alpha)
12	0x030	0x040	clear_color	glClearColor	Y	Y	Y	12	void (GLIContext, GLclampf red, GLclampf green, GLclampf blue, GLclampf alpha)
13	0x034	0x044	clear_depth	glClearDepth*				13	void (GLIContext, GLclampd depth)
14	0x038	0x048	clear_index	glClearIndex*				14	void (GLIContext, GLfloat c)
15	0x03c	0x04c	clear_stencil	glClearStencil	Y	Y	Y	15	void (GLIContext, GLint s)
16	0x040	0x050	clip_plane	glClipPlane*				16	void (GLIContext, GLenum plane, const GLdouble *equation)
17	0x044	0x054	color3b	glColor3b*				17	void (GLIContext, GLbyte red, GLbyte green, GLbyte blue)
18	0x048	0x058	color3bv	glColor3bv*				18	void (GLIContext, const GLbyte *v)
19	0x04c	0x05c	color3d	glColor3d*				19	void (GLIContext, GLdouble red, GLdouble green, GLdouble blue)
20	0x050	0x060	color3dv	glColor3dv*				20	void (GLIContext, const GLdouble *v)
21	0x054	0x064	color3f	glColor3f*				21	void (GLIContext, GLfloat red, GLfloat green, GLfloat blue)
22	0x058	0x068	color3fv	glColor3fv*				22	void (GLIContext, const GLfloat *v)
23	0x05c	0x06c	color3i	glColor3i*				23	void (GLIContext, GLint red, GLint green, GLint blue)
24	0x060	0x070	color3iv	glColor3iv*				24	void (GLIContext, const GLint *v)
25	0x064	0x074	color3s	glColor3s*				25	void (GLIContext, GLshort red, GLshort green, GLshort blue)
26	0x068	0x078	color3sv	glColor3sv*				26	void (GLIContext, const GLshort *v)
27	0x06c	0x07c	color3ub	glColor3ub*				27	void (GLIContext, GLubyte red, GLubyte green, GLubyte blue)
28	0x070	0x080	color3ubv	glColor3ubv*				28	void (GLIContext, const GLubyte *v)
29	0x074	0x084	color3ui	glColor3ui*				29	void (GLIContext, GLuint red, GLuint green, GLuint blue)
30	0x078	0x088	color3uiv	glColor3uiv*				30	void (GLIContext, const GLuint *v)
31	0x07c	0x08c	color3us	glColor3us*				31	void (GLIContext, GLushort red, GLushort green, GLushort blue)
32	0x080	0x090	color3usv	glColor3usv*				32	void (GLIContext, const GLushort *v)
33	0x084	0x094	color4b	glColor4b*				33	void (GLIContext, GLbyte red, GLbyte green, GLbyte blue, GLbyte alpha)
34	0x088	0x098	color4bv	glColor4bv*				34	void (GLIContext, const GLbyte *v)
35	0x08c	0x09c	color4d	glColor4d*				35	void (GLIContext, GLdouble red, GLdouble green, GLdouble blue, GLdouble alpha)
36	0x090	0x0a0	color4dv	glColor4dv*				36	void (GLIContext, const GLdouble *v)
37	0x094	0x0a4	color4f	glColor4f	Y		Y	37	void (GLIContext, GLfloat red, GLfloat green, GLfloat blue, GLfloat alpha)
38	0x098	0x0a8	color4fv	glColor4fv*				38	void (GLIContext, const GLfloat *v)
39	0x09c	0x0ac	color4i	glColor4i*				39	void (GLIContext, GLint red, GLint green, GLint blue, GLint alpha)
40	0x0a0	0x0b0	color4iv	glColor4iv*				40	void (GLIContext, const GLint *v)
41	0x0a4	0x0b4	color4s	glColor4s*				41	void (GLIContext, GLshort red, GLshort green, GLshort blue, GLshort alpha)
42	0x0a8	0x0b8	color4sv	glColor4sv*				42	void (GLIContext, const GLshort *v)
43	0x0ac	0x0bc	color4ub	glColor4ub	Y		Y	43	void (GLIContext, GLubyte red, GLubyte green, GLubyte blue, GLubyte alpha)
44	0x0b0	0x0c0	color4ubv	glColor4ubv*				44	void (GLIContext, const GLubyte *v)
45	0x0b4	0x0c4	color4ui	glColor4ui*				45	void (GLIContext, GLuint red, GLuint green, GLuint blue, GLuint alpha)
46	0x0b8	0x0c8	color4uiv	glColor4uiv*				46	void (GLIContext, const GLuint *v)
47	0x0bc	0x0cc	color4us	glColor4us*				47	void (GLIContext, GLushort red, GLushort green, GLushort blue, GLushort alpha)
48	0x0c0	0x0d0	color4usv	glColor4usv*				48	void (GLIContext, const GLushort *v)
49	0x0c4	0x0d4	color_mask	glColorMask	Y	Y	Y	49	void (GLIContext, GLboolean red, GLboolean green, GLboolean blue, GLboolean alpha)
50	0x0c8	0x0d8	color_material	glColorMaterial*				50	void (GLIContext, GLenum face, GLenum mode)
51	0x0cc	0x0dc	color_pointer	glColorPointer	Y		Y	51	void (GLIContext, GLint size, GLenum type, GLsizei stride, const GLvoid *pointer)
52	0x0d0	0x0e0	copy_pixels	glCopyPixels*				52	void (GLIContext, GLint x, GLint y, GLsizei width, GLsizei height, GLenum type)
53	0x0d4	0x0e4	copy_tex_image1D	glCopyTexImage1D*				53	void (GLIContext, GLenum target, GLint level, GLenum internalFormat, GLint x, GLint y, GLsizei width, GLint border)
54	0x0d8	0x0e8	copy_tex_image2D	glCopyTexImage2D	Y	Y	Y	54	void (GLIContext, GLenum target, GLint level, GLenum internalFormat, GLint x, GLint y, GLsizei width, GLsizei height, GLint border)
55	0x0dc	0x0ec	copy_tex_sub_image1D	glCopyTexSubImage1D*				55	void (GLIContext, GLenum target, GLint level, GLint xoffset, GLint x, GLint y, GLsizei width)
56	0x0e0	0x0f0	copy_tex_sub_image2D	glCopyTexSubImage2D	Y	Y	Y	56	void (GLIContext, GLenum target, GLint level, GLint xoffset, GLint yoffset, GLint x, GLint y, GLsizei width, GLsizei height)
57	0x0e4	0x0f4	cull_face	glCullFace	Y	Y	Y	57	void (GLIContext, GLenum mode)
58	0x0e8	0x0f8	delete_lists	glDeleteLists*				58	void (GLIContext, GLuint list, GLsizei range)
59	0x0ec	0x0fc	delete_textures	glDeleteTextures	Y	Y	Y	59	void (GLIContext, GLsizei n, const GLuint *textures)
60	0x0f0	0x100	depth_func	glDepthFunc	Y	Y	Y	60	void (GLIContext, GLenum func)
61	0x0f4	0x104	depth_mask	glDepthMask	Y	Y	Y	61	void (GLIContext, GLboolean flag)
62	0x0f8	0x108	depth_range	glDepthRange*				62	void (GLIContext, GLclampd zNear, GLclampd zFar)
63	0x0fc	0x10c	disable	glDisable	Y	Y	Y	63	void (GLIContext, GLenum cap)
64	0x100	0x110	disable_client_state	glDisableClientState	Y		Y	64	void (GLIContext, GLenum array)
65	0x104	0x114	draw_arrays	glDrawArrays	Y	Y	Y	65	void (GLIContext, GLenum mode, GLint first, GLsizei count)
66	0x108	0x118	draw_buffer	glDrawBuffer*				66	void (GLIContext, GLenum mode)
67	0x10c	0x11c	draw_elements	glDrawElements	Y	Y	Y	67	void (GLIContext, GLenum mode, GLsizei count, GLenum type, const GLvoid *indices)
68	0x110	0x120	draw_pixels	glDrawPixels*				68	void (GLIContext, GLsizei width, GLsizei height, GLenum format, GLenum type, const GLvoid *pixels)
69	0x114	0x124	edge_flag	glEdgeFlag*				69	void (GLIContext, GLboolean flag)
70	0x118	0x128	edge_flag_pointer	glEdgeFlagPointer*				70	void (GLIContext, GLsizei stride, const GLvoid *pointer)
71	0x11c	0x12c	edge_flagv	glEdgeFlagv*				71	void (GLIContext, const GLboolean *flag)
72	0x120	0x130	enable	glEnable	Y	Y	Y	72	void (GLIContext, GLenum cap)
73	0x124	0x134	enable_client_state	glEnableClientState	Y		Y	73	void (GLIContext, GLenum array)
74	0x128	0x138	end	glEnd*				74	void (GLIContext)
75	0x12c	0x13c	end_list	glEndList*				75	void (GLIContext)
76	0x130	0x140	eval_coord1d	glEvalCoord1d*				76	void (GLIContext, GLdouble u)
77	0x134	0x144	eval_coord1dv	glEvalCoord1dv*				77	void (GLIContext, const GLdouble *u)
78	0x138	0x148	eval_coord1f	glEvalCoord1f*				78	void (GLIContext, GLfloat u)
79	0x13c	0x14c	eval_coord1fv	glEvalCoord1fv*				79	void (GLIContext, const GLfloat *u)
80	0x140	0x150	eval_coord2d	glEvalCoord2d*				80	void (GLIContext, GLdouble u, GLdouble v)
81	0x144	0x154	eval_coord2dv	glEvalCoord2dv*				81	void (GLIContext, const GLdouble *u)
82	0x148	0x158	eval_coord2f	glEvalCoord2f*				82	void (GLIContext, GLfloat u, GLfloat v)
83	0x14c	0x15c	eval_coord2fv	glEvalCoord2fv*				83	void (GLIContext, const GLfloat *u)
84	0x150	0x160	eval_mesh1	glEvalMesh1*				84	void (GLIContext, GLenum mode, GLint i1, GLint i2)
85	0x154	0x164	eval_mesh2	glEvalMesh2*				85	void (GLIContext, GLenum mode, GLint i1, GLint i2, GLint j1, GLint j2)
86	0x158	0x168	eval_point1	glEvalPoint1*				86	void (GLIContext, GLint i)
87	0x15c	0x16c	eval_point2	glEvalPoint2*				87	void (GLIContext, GLint i, GLint j)
88	0x160	0x170	feedback_buffer	glFeedbackBuffer*				88	void (GLIContext, GLsizei size, GLenum type, GLfloat *buffer)
89	0x164	0x174	finish	glFinish	Y	Y	Y	89	void (GLIContext)
90	0x168	0x178	flush	glFlush	Y	Y	Y	90	void (GLIContext)
91	0x16c	0x17c	fogf	glFogf	Y		Y	91	void (GLIContext, GLenum pname, GLfloat param)
92	0x170	0x180	fogfv	glFogfv	Y		Y	92	void (GLIContext, GLenum pname, const GLfloat *params)
93	0x174	0x184	fogi	glFogi*				93	void (GLIContext, GLenum pname, GLint param)
94	0x178	0x188	fogiv	glFogiv*				94	void (GLIContext, GLenum pname, const GLint *params)
95	0x17c	0x18c	front_face	glFrontFace	Y	Y	Y	95	void (GLIContext, GLenum mode)
96	0x180	0x190	frustum	glFrustum*				96	void (GLIContext, GLdouble left, GLdouble right, GLdouble bottom, GLdouble top, GLdouble zNear, GLdouble zFar)
97	0x184	0x194	gen_lists	glGenLists*				97	GLuint (GLIContext, GLsizei range)
98	0x188	0x198	gen_textures	glGenTextures	Y	Y	Y	98	void (GLIContext, GLsizei n, GLuint *textures)
99	0x18c	0x19c	get_booleanv	glGetBooleanv	Y	Y	Y	99	void (GLIContext, GLenum pname, GLboolean *params)
100	0x190	0x1a0	get_clip_plane	glGetClipPlane*				100	void (GLIContext, GLenum plane, GLdouble *equation)
101	0x194	0x1a4	get_doublev	glGetDoublev*				101	void (GLIContext, GLenum pname, GLdouble *params)
102	0x198	0x1a8	get_error	glGetError	Y	Y	Y	102	GLenum (GLIContext)
103	0x19c	0x1ac	get_floatv	glGetFloatv	Y	Y	Y	103	void (GLIContext, GLenum pname, GLfloat *params)
104	0x1a0	0x1b0	get_integerv	glGetIntegerv	Y	Y	Y	104	void (GLIContext, GLenum pname, GLint *params)
105	0x1a4	0x1b4	get_lightfv	glGetLightfv	Y		Y	105	void (GLIContext, GLenum light, GLenum pname, GLfloat *params)
106	0x1a8	0x1b8	get_lightiv	glGetLightiv*				106	void (GLIContext, GLenum light, GLenum pname, GLint *params)
107	0x1ac	0x1bc	get_mapdv	glGetMapdv*				107	void (GLIContext, GLenum target, GLenum query, GLdouble *v)
108	0x1b0	0x1c0	get_mapfv	glGetMapfv*				108	void (GLIContext, GLenum target, GLenum query, GLfloat *v)
109	0x1b4	0x1c4	get_mapiv	glGetMapiv*				109	void (GLIContext, GLenum target, GLenum query, GLint *v)
110	0x1b8	0x1c8	get_materialfv	glGetMaterialfv	Y		Y	110	void (GLIContext, GLenum face, GLenum pname, GLfloat *params)
111	0x1bc	0x1cc	get_materialiv	glGetMaterialiv*				111	void (GLIContext, GLenum face, GLenum pname, GLint *params)
112	0x1c0	0x1d0	get_pixel_mapfv	glGetPixelMapfv*				112	void (GLIContext, GLenum map, GLfloat *values)
113	0x1c4	0x1d4	get_pixel_mapuiv	glGetPixelMapuiv*				113	void (GLIContext, GLenum map, GLuint *values)
114	0x1c8	0x1d8	get_pixel_mapusv	glGetPixelMapusv*				114	void (GLIContext, GLenum map, GLushort *values)
115	0x1cc	0x1dc	get_pointerv	glGetPointerv	Y		Y	115	void (GLIContext, GLenum pname, GLvoid **params)
116	0x1d0	0x1e0	get_polygon_stipple	glGetPolygonStipple*				116	void (GLIContext, GLubyte *mask)
117	0x1d4	0x1e4	get_string	glGetString	Y	Y	Y	117	const GLubyte* (GLIContext, GLenum name)
118	0x1d8	0x1e8	get_tex_envfv	glGetTexEnvfv	Y		Y	118	void (GLIContext, GLenum target, GLenum pname, GLfloat *params)
119	0x1dc	0x1ec	get_tex_enviv	glGetTexEnviv	Y		Y	119	void (GLIContext, GLenum target, GLenum pname, GLint *params)
120	0x1e0	0x1f0	get_tex_gendv	glGetTexGendv*				120	void (GLIContext, GLenum coord, GLenum pname, GLdouble *params)
121	0x1e4	0x1f4	get_tex_genfv	glGetTexGenfv*				121	void (GLIContext, GLenum coord, GLenum pname, GLfloat *params)
122	0x1e8	0x1f8	get_tex_geniv	glGetTexGeniv*				122	void (GLIContext, GLenum coord, GLenum pname, GLint *params)
123	0x1ec	0x1fc	get_tex_image	glGetTexImage	Y	Y	Y	123	void (GLIContext, GLenum target, GLint level, GLenum format, GLenum type, GLvoid *pixels)
124	0x1f0	0x200	get_tex_level_parameterfv	glGetTexLevelParameterfv			Y	124	void (GLIContext, GLenum target, GLint level, GLenum pname, GLfloat *params)
125	0x1f4	0x204	get_tex_level_parameteriv	glGetTexLevelParameteriv	Y	Y	Y	125	void (GLIContext, GLenum target, GLint level, GLenum pname, GLint *params)
126	0x1f8	0x208	get_tex_parameterfv	glGetTexParameterfv	Y	Y	Y	126	void (GLIContext, GLenum target, GLenum pname, GLfloat *params)
127	0x1fc	0x20c	get_tex_parameteriv	glGetTexParameteriv	Y	Y	Y	127	void (GLIContext, GLenum target, GLenum pname, GLint *params)
128	0x200	0x210	hint	glHint	Y	Y	Y	128	void (GLIContext, GLenum target, GLenum mode)
129	0x204	0x214	index_mask	glIndexMask*				129	void (GLIContext, GLuint mask)
130	0x208	0x218	index_pointer	glIndexPointer*				130	void (GLIContext, GLenum type, GLsizei stride, const GLvoid *pointer)
131	0x20c	0x21c	indexd	glIndexd*				131	void (GLIContext, GLdouble c)
132	0x210	0x220	indexdv	glIndexdv*				132	void (GLIContext, const GLdouble *c)
133	0x214	0x224	indexf	glIndexf*				133	void (GLIContext, GLfloat c)
134	0x218	0x228	indexfv	glIndexfv*				134	void (GLIContext, const GLfloat *c)
135	0x21c	0x22c	indexi	glIndexi*				135	void (GLIContext, GLint c)
136	0x220	0x230	indexiv	glIndexiv*				136	void (GLIContext, const GLint *c)
137	0x224	0x234	indexs	glIndexs*				137	void (GLIContext, GLshort c)
138	0x228	0x238	indexsv	glIndexsv*				138	void (GLIContext, const GLshort *c)
139	0x22c	0x23c	indexub	glIndexub*				139	void (GLIContext, GLubyte c)
140	0x230	0x240	indexubv	glIndexubv*				140	void (GLIContext, const GLubyte *c)
141	0x234	0x244	init_names	glInitNames*				141	void (GLIContext)
142	0x238	0x248	interleaved_arrays	glInterleavedArrays*				142	void (GLIContext, GLenum format, GLsizei stride, const GLvoid *pointer)
143	0x23c	0x24c	is_enabled	glIsEnabled	Y	Y	Y	143	GLboolean (GLIContext, GLenum cap)
144	0x240	0x250	is_list	glIsList*				144	GLboolean (GLIContext, GLuint list)
145	0x244	0x254	is_texture	glIsTexture	Y	Y	Y	145	GLboolean (GLIContext, GLuint texture)
146	0x248	0x258	light_modelf	glLightModelf	Y		Y	146	void (GLIContext, GLenum pname, GLfloat param)
147	0x24c	0x25c	light_modelfv	glLightModelfv	Y		Y	147	void (GLIContext, GLenum pname, const GLfloat *params)
148	0x250	0x260	light_modeli	glLightModeli*				148	void (GLIContext, GLenum pname, GLint param)
149	0x254	0x264	light_modeliv	glLightModeliv*				149	void (GLIContext, GLenum pname, const GLint *params)
150	0x258	0x268	lightf	glLightf	Y		Y	150	void (GLIContext, GLenum light, GLenum pname, GLfloat param)
151	0x25c	0x26c	lightfv	glLightfv	Y		Y	151	void (GLIContext, GLenum light, GLenum pname, const GLfloat *params)
152	0x260	0x270	lighti	glLighti*				152	void (GLIContext, GLenum light, GLenum pname, GLint param)
153	0x264	0x274	lightiv	glLightiv*				153	void (GLIContext, GLenum light, GLenum pname, const GLint *params)
154	0x268	0x278	line_stipple	glLineStipple*				154	void (GLIContext, GLint factor, GLushort pattern)
155	0x26c	0x27c	line_width	glLineWidth	Y	Y	Y	155	void (GLIContext, GLfloat width)
156	0x270	0x280	list_base	glListBase*				156	void (GLIContext, GLuint base)
157	0x274	0x284	load_identity	glLoadIdentity	Y		Y	157	void (GLIContext)
158	0x278	0x288	load_matrixd	glLoadMatrixd*				158	void (GLIContext, const GLdouble *m)
159	0x27c	0x28c	load_matrixf	glLoadMatrixf	Y		Y	159	void (GLIContext, const GLfloat *m)
160	0x280	0x290	load_name	glLoadName*				160	void (GLIContext, GLuint name)
161	0x284	0x294	logic_op	glLogicOp	Y		Y	161	void (GLIContext, GLenum opcode)
162	0x288	0x298	map1d	glMap1d*				162	void (GLIContext, GLenum target, GLdouble u1, GLdouble u2, GLint stride, GLint order, const GLdouble *points)
163	0x28c	0x29c	map1f	glMap1f*				163	void (GLIContext, GLenum target, GLfloat u1, GLfloat u2, GLint stride, GLint order, const GLfloat *points)
164	0x290	0x2a0	map2d	glMap2d*				164	void (GLIContext, GLenum target, GLdouble u1, GLdouble u2, GLint ustride, GLint uorder, GLdouble v1, GLdouble v2, GLint vstride, GLint vorder, const GLdouble *points)
165	0x294	0x2a4	map2f	glMap2f*				165	void (GLIContext, GLenum target, GLfloat u1, GLfloat u2, GLint ustride, GLint uorder, GLfloat v1, GLfloat v2, GLint vstride, GLint vorder, const GLfloat *points)
166	0x298	0x2a8	map_grid1d	glMapGrid1d*				166	void (GLIContext, GLint un, GLdouble u1, GLdouble u2)
167	0x29c	0x2ac	map_grid1f	glMapGrid1f*				167	void (GLIContext, GLint un, GLfloat u1, GLfloat u2)
168	0x2a0	0x2b0	map_grid2d	glMapGrid2d*				168	void (GLIContext, GLint un, GLdouble u1, GLdouble u2, GLint vn, GLdouble v1, GLdouble v2)
169	0x2a4	0x2b4	map_grid2f	glMapGrid2f*				169	void (GLIContext, GLint un, GLfloat u1, GLfloat u2, GLint vn, GLfloat v1, GLfloat v2)
170	0x2a8	0x2b8	materialf	glMaterialf	Y		Y	170	void (GLIContext, GLenum face, GLenum pname, GLfloat param)
171	0x2ac	0x2bc	materialfv	glMaterialfv	Y		Y	171	void (GLIContext, GLenum face, GLenum pname, const GLfloat *params)
172	0x2b0	0x2c0	materiali	glMateriali*				172	void (GLIContext, GLenum face, GLenum pname, GLint param)
173	0x2b4	0x2c4	materialiv	glMaterialiv*				173	void (GLIContext, GLenum face, GLenum pname, const GLint *params)
174	0x2b8	0x2c8	matrix_mode	glMatrixMode	Y		Y	174	void (GLIContext, GLenum mode)
175	0x2bc	0x2cc	mult_matrixd	glMultMatrixd*				175	void (GLIContext, const GLdouble *m)
176	0x2c0	0x2d0	mult_matrixf	glMultMatrixf	Y		Y	176	void (GLIContext, const GLfloat *m)
177	0x2c4	0x2d4	new_list	glNewList*				177	void (GLIContext, GLuint list, GLenum mode)
178	0x2c8	0x2d8	normal3b	glNormal3b*				178	void (GLIContext, GLbyte nx, GLbyte ny, GLbyte nz)
179	0x2cc	0x2dc	normal3bv	glNormal3bv*				179	void (GLIContext, const GLbyte *v)
180	0x2d0	0x2e0	normal3d	glNormal3d*				180	void (GLIContext, GLdouble nx, GLdouble ny, GLdouble nz)
181	0x2d4	0x2e4	normal3dv	glNormal3dv*				181	void (GLIContext, const GLdouble *v)
182	0x2d8	0x2e8	normal3f	glNormal3f	Y		Y	182	void (GLIContext, GLfloat nx, GLfloat ny, GLfloat nz)
183	0x2dc	0x2ec	normal3fv	glNormal3fv*				183	void (GLIContext, const GLfloat *v)
184	0x2e0	0x2f0	normal3i	glNormal3i*				184	void (GLIContext, GLint nx, GLint ny, GLint nz)
185	0x2e4	0x2f4	normal3iv	glNormal3iv*				185	void (GLIContext, const GLint *v)
186	0x2e8	0x2f8	normal3s	glNormal3s*				186	void (GLIContext, GLshort nx, GLshort ny, GLshort nz)
187	0x2ec	0x2fc	normal3sv	glNormal3sv*				187	void (GLIContext, const GLshort *v)
188	0x2f0	0x300	normal_pointer	glNormalPointer	Y		Y	188	void (GLIContext, GLenum type, GLsizei stride, const GLvoid *pointer)
189	0x2f4	0x304	ortho	glOrtho*				189	void (GLIContext, GLdouble left, GLdouble right, GLdouble bottom, GLdouble top, GLdouble zNear, GLdouble zFar)
190	0x2f8	0x308	pass_through	glPassThrough*				190	void (GLIContext, GLfloat token)
191	0x2fc	0x30c	pixel_mapfv	glPixelMapfv*				191	void (GLIContext, GLenum map, GLsizei mapsize, const GLfloat *values)
192	0x300	0x310	pixel_mapuiv	glPixelMapuiv*				192	void (GLIContext, GLenum map, GLsizei mapsize, const GLuint *values)
193	0x304	0x314	pixel_mapusv	glPixelMapusv*				193	void (GLIContext, GLenum map, GLsizei mapsize, const GLushort *values)
194	0x308	0x318	pixel_storef	glPixelStoref*				194	void (GLIContext, GLenum pname, GLfloat param)
195	0x30c	0x31c	pixel_storei	glPixelStorei	Y	Y	Y	195	void (GLIContext, GLenum pname, GLint param)
196	0x310	0x320	pixel_transferf	glPixelTransferf*				196	void (GLIContext, GLenum pname, GLfloat param)
197	0x314	0x324	pixel_transferi	glPixelTransferi*				197	void (GLIContext, GLenum pname, GLint param)
198	0x318	0x328	pixel_zoom	glPixelZoom*				198	void (GLIContext, GLfloat xfactor, GLfloat yfactor)
199	0x31c	0x32c	point_size	glPointSize	Y		Y	199	void (GLIContext, GLfloat size)
200	0x320	0x330	polygon_mode	glPolygonMode*				200	void (GLIContext, GLenum face, GLenum mode)
201	0x324	0x334	polygon_offset	glPolygonOffset	Y	Y	Y	201	void (GLIContext, GLfloat factor, GLfloat units)
202	0x328	0x338	polygon_stipple	glPolygonStipple*				202	void (GLIContext, const GLubyte *mask)
203	0x32c	0x33c	pop_attrib	glPopAttrib*				203	void (GLIContext)
204	0x330	0x340	pop_client_attrib	glPopClientAttrib	Y	Y		204	void (GLIContext)
205	0x334	0x344	pop_matrix	glPopMatrix	Y		Y	205	void (GLIContext)
206	0x338	0x348	pop_name	glPopName*				206	void (GLIContext)
207	0x33c	0x34c	prioritize_textures	glPrioritizeTextures*				207	void (GLIContext, GLsizei n, const GLuint *textures, const GLclampf *priorities)
208	0x340	0x350	push_attrib	glPushAttrib*				208	void (GLIContext, GLbitfield mask)
209	0x344	0x354	push_client_attrib	glPushClientAttrib	Y	Y		209	void (GLIContext, GLbitfield mask)
210	0x348	0x358	push_matrix	glPushMatrix	Y		Y	210	void (GLIContext)
211	0x34c	0x35c	push_name	glPushName*				211	void (GLIContext, GLuint name)
212	0x350	0x360	raster_pos2d	glRasterPos2d*				212	void (GLIContext, GLdouble x, GLdouble y)
213	0x354	0x364	raster_pos2dv	glRasterPos2dv*				213	void (GLIContext, const GLdouble *v)
214	0x358	0x368	raster_pos2f	glRasterPos2f*				214	void (GLIContext, GLfloat x, GLfloat y)
215	0x35c	0x36c	raster_pos2fv	glRasterPos2fv*				215	void (GLIContext, const GLfloat *v)
216	0x360	0x370	raster_pos2i	glRasterPos2i*				216	void (GLIContext, GLint x, GLint y)
217	0x364	0x374	raster_pos2iv	glRasterPos2iv*				217	void (GLIContext, const GLint *v)
218	0x368	0x378	raster_pos2s	glRasterPos2s*				218	void (GLIContext, GLshort x, GLshort y)
219	0x36c	0x37c	raster_pos2sv	glRasterPos2sv*				219	void (GLIContext, const GLshort *v)
220	0x370	0x380	raster_pos3d	glRasterPos3d*				220	void (GLIContext, GLdouble x, GLdouble y, GLdouble z)
221	0x374	0x384	raster_pos3dv	glRasterPos3dv*				221	void (GLIContext, const GLdouble *v)
222	0x378	0x388	raster_pos3f	glRasterPos3f*				222	void (GLIContext, GLfloat x, GLfloat y, GLfloat z)
223	0x37c	0x38c	raster_pos3fv	glRasterPos3fv*				223	void (GLIContext, const GLfloat *v)
224	0x380	0x390	raster_pos3i	glRasterPos3i*				224	void (GLIContext, GLint x, GLint y, GLint z)
225	0x384	0x394	raster_pos3iv	glRasterPos3iv*				225	void (GLIContext, const GLint *v)
226	0x388	0x398	raster_pos3s	glRasterPos3s*				226	void (GLIContext, GLshort x, GLshort y, GLshort z)
227	0x38c	0x39c	raster_pos3sv	glRasterPos3sv*				227	void (GLIContext, const GLshort *v)
228	0x390	0x3a0	raster_pos4d	glRasterPos4d*				228	void (GLIContext, GLdouble x, GLdouble y, GLdouble z, GLdouble w)
229	0x394	0x3a4	raster_pos4dv	glRasterPos4dv*				229	void (GLIContext, const GLdouble *v)
230	0x398	0x3a8	raster_pos4f	glRasterPos4f*				230	void (GLIContext, GLfloat x, GLfloat y, GLfloat z, GLfloat w)
231	0x39c	0x3ac	raster_pos4fv	glRasterPos4fv*				231	void (GLIContext, const GLfloat *v)
232	0x3a0	0x3b0	raster_pos4i	glRasterPos4i*				232	void (GLIContext, GLint x, GLint y, GLint z, GLint w)
233	0x3a4	0x3b4	raster_pos4iv	glRasterPos4iv*				233	void (GLIContext, const GLint *v)
234	0x3a8	0x3b8	raster_pos4s	glRasterPos4s*				234	void (GLIContext, GLshort x, GLshort y, GLshort z, GLshort w)
235	0x3ac	0x3bc	raster_pos4sv	glRasterPos4sv*				235	void (GLIContext, const GLshort *v)
236	0x3b0	0x3c0	read_buffer	glReadBuffer*				236	void (GLIContext, GLenum mode)
237	0x3b4	0x3c4	read_pixels	glReadPixels	Y	Y	Y	237	void (GLIContext, GLint x, GLint y, GLsizei width, GLsizei height, GLenum format, GLenum type, GLvoid *pixels)
238	0x3b8	0x3c8	rectd	glRectd*				238	void (GLIContext, GLdouble x1, GLdouble y1, GLdouble x2, GLdouble y2)
239	0x3bc	0x3cc	rectdv	glRectdv*				239	void (GLIContext, const GLdouble *v1, const GLdouble *v2)
240	0x3c0	0x3d0	rectf	glRectf*				240	void (GLIContext, GLfloat x1, GLfloat y1, GLfloat x2, GLfloat y2)
241	0x3c4	0x3d4	rectfv	glRectfv*				241	void (GLIContext, const GLfloat *v1, const GLfloat *v2)
242	0x3c8	0x3d8	recti	glRecti*				242	void (GLIContext, GLint x1, GLint y1, GLint x2, GLint y2)
243	0x3cc	0x3dc	rectiv	glRectiv*				243	void (GLIContext, const GLint *v1, const GLint *v2)
244	0x3d0	0x3e0	rects	glRects*				244	void (GLIContext, GLshort x1, GLshort y1, GLshort x2, GLshort y2)
245	0x3d4	0x3e4	rectsv	glRectsv*				245	void (GLIContext, const GLshort *v1, const GLshort *v2)
246	0x3d8	0x3e8	render_mode	glRenderMode*				246	GLint (GLIContext, GLenum mode)
247	0x3dc	0x3ec	rotated	glRotated*				247	void (GLIContext, GLdouble angle, GLdouble x, GLdouble y, GLdouble z)
248	0x3e0	0x3f0	rotatef	glRotatef	Y		Y	248	void (GLIContext, GLfloat angle, GLfloat x, GLfloat y, GLfloat z)
249	0x3e4	0x3f4	scaled	glScaled*				249	void (GLIContext, GLdouble x, GLdouble y, GLdouble z)
250	0x3e8	0x3f8	scalef	glScalef	Y		Y	250	void (GLIContext, GLfloat x, GLfloat y, GLfloat z)
251	0x3ec	0x3fc	scissor	glScissor	Y	Y	Y	251	void (GLIContext, GLint x, GLint y, GLsizei width, GLsizei height)
252	0x3f0	0x400	select_buffer	glSelectBuffer*				252	void (GLIContext, GLsizei size, GLuint *buffer)
253	0x3f4	0x404	shade_model	glShadeModel	Y		Y	253	void (GLIContext, GLenum mode)
254	0x3f8	0x408	stencil_func	glStencilFunc	Y	Y	Y	254	void (GLIContext, GLenum func, GLint ref, GLuint mask)
255	0x3fc	0x40c	stencil_mask	glStencilMask	Y	Y	Y	255	void (GLIContext, GLuint mask)
256	0x400	0x410	stencil_op	glStencilOp	Y	Y	Y	256	void (GLIContext, GLenum fail, GLenum zfail, GLenum zpass)
257	0x404	0x414	tex_coord1d	glTexCoord1d*				257	void (GLIContext, GLdouble s)
258	0x408	0x418	tex_coord1dv	glTexCoord1dv*				258	void (GLIContext, const GLdouble *v)
259	0x40c	0x41c	tex_coord1f	glTexCoord1f*				259	void (GLIContext, GLfloat s)
260	0x410	0x420	tex_coord1fv	glTexCoord1fv*				260	void (GLIContext, const GLfloat *v)
261	0x414	0x424	tex_coord1i	glTexCoord1i*				261	void (GLIContext, GLint s)
262	0x418	0x428	tex_coord1iv	glTexCoord1iv*				262	void (GLIContext, const GLint *v)
263	0x41c	0x42c	tex_coord1s	glTexCoord1s*				263	void (GLIContext, GLshort s)
264	0x420	0x430	tex_coord1sv	glTexCoord1sv*				264	void (GLIContext, const GLshort *v)
265	0x424	0x434	tex_coord2d	glTexCoord2d*				265	void (GLIContext, GLdouble s, GLdouble t)
266	0x428	0x438	tex_coord2dv	glTexCoord2dv*				266	void (GLIContext, const GLdouble *v)
267	0x42c	0x43c	tex_coord2f	glTexCoord2f*				267	void (GLIContext, GLfloat s, GLfloat t)
268	0x430	0x440	tex_coord2fv	glTexCoord2fv*				268	void (GLIContext, const GLfloat *v)
269	0x434	0x444	tex_coord2i	glTexCoord2i*				269	void (GLIContext, GLint s, GLint t)
270	0x438	0x448	tex_coord2iv	glTexCoord2iv*				270	void (GLIContext, const GLint *v)
271	0x43c	0x44c	tex_coord2s	glTexCoord2s*				271	void (GLIContext, GLshort s, GLshort t)
272	0x440	0x450	tex_coord2sv	glTexCoord2sv*				272	void (GLIContext, const GLshort *v)
273	0x444	0x454	tex_coord3d	glTexCoord3d*				273	void (GLIContext, GLdouble s, GLdouble t, GLdouble r)
274	0x448	0x458	tex_coord3dv	glTexCoord3dv*				274	void (GLIContext, const GLdouble *v)
275	0x44c	0x45c	tex_coord3f	glTexCoord3f*				275	void (GLIContext, GLfloat s, GLfloat t, GLfloat r)
276	0x450	0x460	tex_coord3fv	glTexCoord3fv*				276	void (GLIContext, const GLfloat *v)
277	0x454	0x464	tex_coord3i	glTexCoord3i*				277	void (GLIContext, GLint s, GLint t, GLint r)
278	0x458	0x468	tex_coord3iv	glTexCoord3iv*				278	void (GLIContext, const GLint *v)
279	0x45c	0x46c	tex_coord3s	glTexCoord3s*				279	void (GLIContext, GLshort s, GLshort t, GLshort r)
280	0x460	0x470	tex_coord3sv	glTexCoord3sv*				280	void (GLIContext, const GLshort *v)
281	0x464	0x474	tex_coord4d	glTexCoord4d*				281	void (GLIContext, GLdouble s, GLdouble t, GLdouble r, GLdouble q)
282	0x468	0x478	tex_coord4dv	glTexCoord4dv*				282	void (GLIContext, const GLdouble *v)
283	0x46c	0x47c	tex_coord4f	glTexCoord4f*				283	void (GLIContext, GLfloat s, GLfloat t, GLfloat r, GLfloat q)
284	0x470	0x480	tex_coord4fv	glTexCoord4fv*				284	void (GLIContext, const GLfloat *v)
285	0x474	0x484	tex_coord4i	glTexCoord4i*				285	void (GLIContext, GLint s, GLint t, GLint r, GLint q)
286	0x478	0x488	tex_coord4iv	glTexCoord4iv*				286	void (GLIContext, const GLint *v)
287	0x47c	0x48c	tex_coord4s	glTexCoord4s*				287	void (GLIContext, GLshort s, GLshort t, GLshort r, GLshort q)
288	0x480	0x490	tex_coord4sv	glTexCoord4sv*				288	void (GLIContext, const GLshort *v)
289	0x484	0x494	tex_coord_pointer	glTexCoordPointer	Y		Y	289	void (GLIContext, GLint size, GLenum type, GLsizei stride, const GLvoid *pointer)
290	0x488	0x498	tex_envf	glTexEnvf	Y		Y	290	void (GLIContext, GLenum target, GLenum pname, GLfloat param)
291	0x48c	0x49c	tex_envfv	glTexEnvfv	Y		Y	291	void (GLIContext, GLenum target, GLenum pname, const GLfloat *params)
292	0x490	0x4a0	tex_envi	glTexEnvi	Y		Y	292	void (GLIContext, GLenum target, GLenum pname, GLint param)
293	0x494	0x4a4	tex_enviv	glTexEnviv	Y		Y	293	void (GLIContext, GLenum target, GLenum pname, const GLint *params)
294	0x498	0x4a8	tex_gend	glTexGend*				294	void (GLIContext, GLenum coord, GLenum pname, GLdouble param)
295	0x49c	0x4ac	tex_gendv	glTexGendv*				295	void (GLIContext, GLenum coord, GLenum pname, const GLdouble *params)
296	0x4a0	0x4b0	tex_genf	glTexGenf*				296	void (GLIContext, GLenum coord, GLenum pname, GLfloat param)
297	0x4a4	0x4b4	tex_genfv	glTexGenfv*				297	void (GLIContext, GLenum coord, GLenum pname, const GLfloat *params)
298	0x4a8	0x4b8	tex_geni	glTexGeni*				298	void (GLIContext, GLenum coord, GLenum pname, GLint param)
299	0x4ac	0x4bc	tex_geniv	glTexGeniv*				299	void (GLIContext, GLenum coord, GLenum pname, const GLint *params)
300	0x4b0	0x4c0	tex_image1D	glTexImage1D*				300	void (GLIContext, GLenum target, GLint level, GLenum internalformat, GLsizei width, GLint border, GLenum format, GLenum type, const GLvoid *pixels)
301	0x4b4	0x4c4	tex_image2D	glTexImage2D	Y	Y	Y	301	void (GLIContext, GLenum target, GLint level, GLenum internalformat, GLsizei width, GLsizei height, GLint border, GLenum format, GLenum type, const GLvoid *pixels)
302	0x4b8	0x4c8	tex_parameterf	glTexParameterf	Y	Y	Y	302	void (GLIContext, GLenum target, GLenum pname, GLfloat param)
303	0x4bc	0x4cc	tex_parameterfv	glTexParameterfv	Y	Y	Y	303	void (GLIContext, GLenum target, GLenum pname, const GLfloat *params)
304	0x4c0	0x4d0	tex_parameteri	glTexParameteri	Y	Y	Y	304	void (GLIContext, GLenum target, GLenum pname, GLint param)
305	0x4c4	0x4d4	tex_parameteriv	glTexParameteriv	Y	Y	Y	305	void (GLIContext, GLenum target, GLenum pname, const GLint *params)
306	0x4c8	0x4d8	tex_sub_image1D	glTexSubImage1D*				306	void (GLIContext, GLenum target, GLint level, GLint xoffset, GLsizei width, GLenum format, GLenum type, const GLvoid *pixels)
307	0x4cc	0x4dc	tex_sub_image2D	glTexSubImage2D	Y	Y	Y	307	void (GLIContext, GLenum target, GLint level, GLint xoffset, GLint yoffset, GLsizei width, GLsizei height, GLenum format, GLenum type, const GLvoid *pixels)
308	0x4d0	0x4e0	translated	glTranslated*				308	void (GLIContext, GLdouble x, GLdouble y, GLdouble z)
309	0x4d4	0x4e4	translatef	glTranslatef	Y		Y	309	void (GLIContext, GLfloat x, GLfloat y, GLfloat z)
310	0x4d8	0x4e8	vertex2d	glVertex2d*				310	void (GLIContext, GLdouble x, GLdouble y)
311	0x4dc	0x4ec	vertex2dv	glVertex2dv*				311	void (GLIContext, const GLdouble *v)
312	0x4e0	0x4f0	vertex2f	glVertex2f*				312	void (GLIContext, GLfloat x, GLfloat y)
313	0x4e4	0x4f4	vertex2fv	glVertex2fv*				313	void (GLIContext, const GLfloat *v)
314	0x4e8	0x4f8	vertex2i	glVertex2i*				314	void (GLIContext, GLint x, GLint y)
315	0x4ec	0x4fc	vertex2iv	glVertex2iv*				315	void (GLIContext, const GLint *v)
316	0x4f0	0x500	vertex2s	glVertex2s*				316	void (GLIContext, GLshort x, GLshort y)
317	0x4f4	0x504	vertex2sv	glVertex2sv*				317	void (GLIContext, const GLshort *v)
318	0x4f8	0x508	vertex3d	glVertex3d*				318	void (GLIContext, GLdouble x, GLdouble y, GLdouble z)
319	0x4fc	0x50c	vertex3dv	glVertex3dv*				319	void (GLIContext, const GLdouble *v)
320	0x500	0x510	vertex3f	glVertex3f*				320	void (GLIContext, GLfloat x, GLfloat y, GLfloat z)
321	0x504	0x514	vertex3fv	glVertex3fv*				321	void (GLIContext, const GLfloat *v)
322	0x508	0x518	vertex3i	glVertex3i*				322	void (GLIContext, GLint x, GLint y, GLint z)
323	0x50c	0x51c	vertex3iv	glVertex3iv*				323	void (GLIContext, const GLint *v)
324	0x510	0x520	vertex3s	glVertex3s*				324	void (GLIContext, GLshort x, GLshort y, GLshort z)
325	0x514	0x524	vertex3sv	glVertex3sv*				325	void (GLIContext, const GLshort *v)
326	0x518	0x528	vertex4d	glVertex4d*				326	void (GLIContext, GLdouble x, GLdouble y, GLdouble z, GLdouble w)
327	0x51c	0x52c	vertex4dv	glVertex4dv*				327	void (GLIContext, const GLdouble *v)
328	0x520	0x530	vertex4f	glVertex4f*				328	void (GLIContext, GLfloat x, GLfloat y, GLfloat z, GLfloat w)
329	0x524	0x534	vertex4fv	glVertex4fv*				329	void (GLIContext, const GLfloat *v)
330	0x528	0x538	vertex4i	glVertex4i*				330	void (GLIContext, GLint x, GLint y, GLint z, GLint w)
331	0x52c	0x53c	vertex4iv	glVertex4iv*				331	void (GLIContext, const GLint *v)
332	0x530	0x540	vertex4s	glVertex4s*				332	void (GLIContext, GLshort x, GLshort y, GLshort z, GLshort w)
333	0x534	0x544	vertex4sv	glVertex4sv*				333	void (GLIContext, const GLshort *v)
334	0x538	0x548	vertex_pointer	glVertexPointer	Y		Y	334	void (GLIContext, GLint size, GLenum type, GLsizei stride, const GLvoid *pointer)
335	0x53c	0x54c	viewport	glViewport	Y	Y	Y	335	void (GLIContext, GLint x, GLint y, GLsizei width, GLsizei height)
336	0x540	0x550	blend_func_separate	glBlendFuncSeparateOES	Y	Y	Y	336	void (GLIContext, GLenum sfactorRGB, GLenum dfactorRGB, GLenum sfactorAlpha, GLenum dfactorAlpha)
337	0x544	0x554	blend_color	glBlendColor		Y	Y	337	void (GLIContext, GLclampf red, GLclampf green, GLclampf blue, GLclampf alpha)
338	0x548	0x558	blend_equation	glBlendEquationOES	Y	Y	Y	338	void (GLIContext, GLenum mode)
339	0x54c	0x55c	lock_arrays_EXT	glLockArraysEXT*				339	void (GLIContext, GLint first, GLsizei count)
340	0x550	0x560	unlock_arrays_EXT	glUnlockArraysEXT*				340	void (GLIContext)
341	0x554	0x564	client_active_texture	glClientActiveTexture	Y		Y	341	void (GLIContext, GLenum target)
342	0x558	0x568	active_texture	glActiveTexture	Y	Y	Y	342	void (GLIContext, GLenum target)
343	0x55c	0x56c	multi_tex_coord1d	glMultiTexCoord1d*				343	void (GLIContext, GLenum target, GLdouble s)
344	0x560	0x570	multi_tex_coord1dv	glMultiTexCoord1dv*				344	void (GLIContext, GLenum target, const GLdouble *v)
345	0x564	0x574	multi_tex_coord1f	glMultiTexCoord1f*				345	void (GLIContext, GLenum target, GLfloat s)
346	0x568	0x578	multi_tex_coord1fv	glMultiTexCoord1fv*				346	void (GLIContext, GLenum target, const GLfloat *v)
347	0x56c	0x57c	multi_tex_coord1i	glMultiTexCoord1i*				347	void (GLIContext, GLenum target, GLint s)
348	0x570	0x580	multi_tex_coord1iv	glMultiTexCoord1iv*				348	void (GLIContext, GLenum target, const GLint *v)
349	0x574	0x584	multi_tex_coord1s	glMultiTexCoord1s*				349	void (GLIContext, GLenum target, GLshort s)
350	0x578	0x588	multi_tex_coord1sv	glMultiTexCoord1sv*				350	void (GLIContext, GLenum target, const GLshort *v)
351	0x57c	0x58c	multi_tex_coord2d	glMultiTexCoord2d*				351	void (GLIContext, GLenum target, GLdouble s, GLdouble t)
352	0x580	0x590	multi_tex_coord2dv	glMultiTexCoord2dv*				352	void (GLIContext, GLenum target, const GLdouble *v)
353	0x584	0x594	multi_tex_coord2f	glMultiTexCoord2f*				353	void (GLIContext, GLenum target, GLfloat s, GLfloat t)
354	0x588	0x598	multi_tex_coord2fv	glMultiTexCoord2fv*				354	void (GLIContext, GLenum target, const GLfloat *v)
355	0x58c	0x59c	multi_tex_coord2i	glMultiTexCoord2i*				355	void (GLIContext, GLenum target, GLint s, GLint t)
356	0x590	0x5a0	multi_tex_coord2iv	glMultiTexCoord2iv*				356	void (GLIContext, GLenum target, const GLint *v)
357	0x594	0x5a4	multi_tex_coord2s	glMultiTexCoord2s*				357	void (GLIContext, GLenum target, GLshort s, GLshort t)
358	0x598	0x5a8	multi_tex_coord2sv	glMultiTexCoord2sv*				358	void (GLIContext, GLenum target, const GLshort *v)
359	0x59c	0x5ac	multi_tex_coord3d	glMultiTexCoord3d*				359	void (GLIContext, GLenum target, GLdouble s, GLdouble t, GLdouble r)
360	0x5a0	0x5b0	multi_tex_coord3dv	glMultiTexCoord3dv*				360	void (GLIContext, GLenum target, const GLdouble *v)
361	0x5a4	0x5b4	multi_tex_coord3f	glMultiTexCoord3f*				361	void (GLIContext, GLenum target, GLfloat s, GLfloat t, GLfloat r)
362	0x5a8	0x5b8	multi_tex_coord3fv	glMultiTexCoord3fv*				362	void (GLIContext, GLenum target, const GLfloat *v)
363	0x5ac	0x5bc	multi_tex_coord3i	glMultiTexCoord3i*				363	void (GLIContext, GLenum target, GLint s, GLint t, GLint r)
364	0x5b0	0x5c0	multi_tex_coord3iv	glMultiTexCoord3iv*				364	void (GLIContext, GLenum target, const GLint *v)
365	0x5b4	0x5c4	multi_tex_coord3s	glMultiTexCoord3s*				365	void (GLIContext, GLenum target, GLshort s, GLshort t, GLshort r)
366	0x5b8	0x5c8	multi_tex_coord3sv	glMultiTexCoord3sv*				366	void (GLIContext, GLenum target, const GLshort *v)
367	0x5bc	0x5cc	multi_tex_coord4d	glMultiTexCoord4d*				367	void (GLIContext, GLenum target, GLdouble s, GLdouble t, GLdouble r, GLdouble q)
368	0x5c0	0x5d0	multi_tex_coord4dv	glMultiTexCoord4dv*				368	void (GLIContext, GLenum target, const GLdouble *v)
369	0x5c4	0x5d4	multi_tex_coord4f	glMultiTexCoord4f	Y		Y	369	void (GLIContext, GLenum target, GLfloat s, GLfloat t, GLfloat r, GLfloat q)
370	0x5c8	0x5d8	multi_tex_coord4fv	glMultiTexCoord4fv*				370	void (GLIContext, GLenum target, const GLfloat *v)
371	0x5cc	0x5dc	multi_tex_coord4i	glMultiTexCoord4i*				371	void (GLIContext, GLenum target, GLint s, GLint t, GLint r, GLint q)
372	0x5d0	0x5e0	multi_tex_coord4iv	glMultiTexCoord4iv*				372	void (GLIContext, GLenum target, const GLint *v)
373	0x5d4	0x5e4	multi_tex_coord4s	glMultiTexCoord4s*				373	void (GLIContext, GLenum target, GLshort s, GLshort t, GLshort r, GLshort q)
374	0x5d8	0x5e8	multi_tex_coord4sv	glMultiTexCoord4sv*				374	void (GLIContext, GLenum target, const GLshort *v)
375	0x5dc	0x5ec	load_transpose_matrixd	glLoadTransposeMatrixd*				375	void (GLIContext, const GLdouble *m)
376	0x5e0	0x5f0	load_transpose_matrixf	glLoadTransposeMatrixf*				376	void (GLIContext, const GLfloat *m)
377	0x5e4	0x5f4	mult_transpose_matrixd	glMultTransposeMatrixd*				377	void (GLIContext, const GLdouble *m)
378	0x5e8	0x5f8	mult_transpose_matrixf	glMultTransposeMatrixf*				378	void (GLIContext, const GLfloat *m)
379	0x5ec	0x5fc	compressed_tex_image3D	glCompressedTexImage3D			Y	379	void (GLIContext, GLenum target, GLint level, GLenum internalformat, GLsizei width, GLsizei height, GLsizei depth, GLint border, GLsizei imageSize, const GLvoid *data)
380	0x5f0	0x600	compressed_tex_image2D	glCompressedTexImage2D	Y	Y	Y	380	void (GLIContext, GLenum target, GLint level, GLenum internalformat, GLsizei width, GLsizei height, GLint border, GLsizei imageSize, const GLvoid *data)
381	0x5f4	0x604	compressed_tex_image1D	glCompressedTexImage1D*				381	void (GLIContext, GLenum target, GLint level, GLenum internalformat, GLsizei width, GLint border, GLsizei imageSize, const GLvoid *data)
382	0x5f8	0x608	compressed_tex_sub_image3D	glCompressedTexSubImage3D			Y	382	void (GLIContext, GLenum target, GLint level, GLint xoffset, GLint yoffset, GLint zoffset, GLsizei width, GLsizei height, GLsizei depth, GLenum format, GLsizei imageSize, const GLvoid *data)
383	0x5fc	0x60c	compressed_tex_sub_image2D	glCompressedTexSubImage2D	Y	Y	Y	383	void (GLIContext, GLenum target, GLint level, GLint xoffset, GLint yoffset, GLsizei width, GLsizei height, GLenum format, GLsizei imageSize, const GLvoid *data)
384	0x600	0x610	compressed_tex_sub_image1D	glCompressedTexSubImage1D*				384	void (GLIContext, GLenum target, GLint level, GLint xoffset, GLsizei width, GLenum format, GLsizei imageSize, const GLvoid *data)
385	0x604	0x614	get_compressed_tex_image	glGetCompressedTexImage	Y	Y		385	void (GLIContext, GLenum target, GLint level, GLvoid *img)
386	0x608	0x618	secondary_color3b	glSecondaryColor3b*				386	void (GLIContext, GLbyte red, GLbyte green, GLbyte blue)
387	0x60c	0x61c	secondary_color3bv	glSecondaryColor3bv*				387	void (GLIContext, const GLbyte *v)
388	0x610	0x620	secondary_color3d	glSecondaryColor3d*				388	void (GLIContext, GLdouble red, GLdouble green, GLdouble blue)
389	0x614	0x624	secondary_color3dv	glSecondaryColor3dv*				389	void (GLIContext, const GLdouble *v)
390	0x618	0x628	secondary_color3f	glSecondaryColor3f*				390	void (GLIContext, GLfloat red, GLfloat green, GLfloat blue)
391	0x61c	0x62c	secondary_color3fv	glSecondaryColor3fv*				391	void (GLIContext, const GLfloat *v)
392	0x620	0x630	secondary_color3i	glSecondaryColor3i*				392	void (GLIContext, GLint red, GLint green, GLint blue)
393	0x624	0x634	secondary_color3iv	glSecondaryColor3iv*				393	void (GLIContext, const GLint *v)
394	0x628	0x638	secondary_color3s	glSecondaryColor3s*				394	void (GLIContext, GLshort red, GLshort green, GLshort blue)
395	0x62c	0x63c	secondary_color3sv	glSecondaryColor3sv*				395	void (GLIContext, const GLshort *v)
396	0x630	0x640	secondary_color3ub	glSecondaryColor3ub*				396	void (GLIContext, GLubyte red, GLubyte green, GLubyte blue)
397	0x634	0x644	secondary_color3ubv	glSecondaryColor3ubv*				397	void (GLIContext, const GLubyte *v)
398	0x638	0x648	secondary_color3ui	glSecondaryColor3ui*				398	void (GLIContext, GLuint red, GLuint green, GLuint blue)
399	0x63c	0x64c	secondary_color3uiv	glSecondaryColor3uiv*				399	void (GLIContext, const GLuint *v)
400	0x640	0x650	secondary_color3us	glSecondaryColor3us*				400	void (GLIContext, GLushort red, GLushort green, GLushort blue)
401	0x644	0x654	secondary_color3usv	glSecondaryColor3usv*				401	void (GLIContext, const GLushort *v)
402	0x648	0x658	secondary_color_pointer	glSecondaryColorPointer*				402	void (GLIContext, GLint size, GLenum type, GLsizei stride, const GLvoid *pointer)
403	0x64c	0x65c	vertex_array_range_EXT	glVertexArrayRangeEXT*				403	void (GLIContext, GLsizei count, const GLvoid *pointer)
404	0x650	0x660	flush_vertex_array_range_EXT	glFlushVertexArrayRangeEXT*				404	void (GLIContext, GLsizei count, const GLvoid *pointer)
405	0x654	0x664	draw_range_elements	glDrawRangeElements			Y	405	void (GLIContext, GLenum mode, GLuint start, GLuint end, GLsizei count, GLenum type, const GLvoid *indices)
406	0x658	0x668	color_table	glColorTable*				406	void (GLIContext, GLenum target, GLenum internalformat, GLsizei width, GLenum format, GLenum type, const GLvoid *table)
407	0x65c	0x66c	color_table_parameterfv	glColorTableParameterfv*				407	void (GLIContext, GLenum target, GLenum pname, const GLfloat *params)
408	0x660	0x670	color_table_parameteriv	glColorTableParameteriv*				408	void (GLIContext, GLenum target, GLenum pname, const GLint *params)
409	0x664	0x674	copy_color_table	glCopyColorTable*				409	void (GLIContext, GLenum target, GLenum internalformat, GLint x, GLint y, GLsizei width)
410	0x668	0x678	get_color_table	glGetColorTable*				410	void (GLIContext, GLenum target, GLenum format, GLenum type, GLvoid *table)
411	0x66c	0x67c	get_color_table_parameterfv	glGetColorTableParameterfv*				411	void (GLIContext, GLenum target, GLenum pname, GLfloat *params)
412	0x670	0x680	get_color_table_parameteriv	glGetColorTableParameteriv*				412	void (GLIContext, GLenum target, GLenum pname, GLint *params)
413	0x674	0x684	color_sub_table	glColorSubTable*				413	void (GLIContext, GLenum target, GLsizei start, GLsizei count, GLenum format, GLenum type, const GLvoid *data)
414	0x678	0x688	copy_color_sub_table	glCopyColorSubTable*				414	void (GLIContext, GLenum target, GLsizei start, GLint x, GLint y, GLsizei width)
415	0x67c	0x68c	convolution_filter1D	glConvolutionFilter1D*				415	void (GLIContext, GLenum target, GLenum internalformat, GLsizei width, GLenum format, GLenum type, const GLvoid *image)
416	0x680	0x690	convolution_filter2D	glConvolutionFilter2D*				416	void (GLIContext, GLenum target, GLenum internalformat, GLsizei width, GLsizei height, GLenum format, GLenum type, const GLvoid *image)
417	0x684	0x694	convolution_parameterf	glConvolutionParameterf*				417	void (GLIContext, GLenum target, GLenum pname, GLfloat params)
418	0x688	0x698	convolution_parameterfv	glConvolutionParameterfv*				418	void (GLIContext, GLenum target, GLenum pname, const GLfloat *params)
419	0x68c	0x69c	convolution_parameteri	glConvolutionParameteri*				419	void (GLIContext, GLenum target, GLenum pname, GLint params)
420	0x690	0x6a0	convolution_parameteriv	glConvolutionParameteriv*				420	void (GLIContext, GLenum target, GLenum pname, const GLint *params)
421	0x694	0x6a4	copy_convolution_filter1D	glCopyConvolutionFilter1D*				421	void (GLIContext, GLenum target, GLenum internalformat, GLint x, GLint y, GLsizei width)
422	0x698	0x6a8	copy_convolution_filter2D	glCopyConvolutionFilter2D*				422	void (GLIContext, GLenum target, GLenum internalformat, GLint x, GLint y, GLsizei width, GLsizei height)
423	0x69c	0x6ac	get_convolution_filter	glGetConvolutionFilter*				423	void (GLIContext, GLenum target, GLenum format, GLenum type, GLvoid *image)
424	0x6a0	0x6b0	get_convolution_parameterfv	glGetConvolutionParameterfv*				424	void (GLIContext, GLenum target, GLenum pname, GLfloat *params)
425	0x6a4	0x6b4	get_convolution_parameteriv	glGetConvolutionParameteriv*				425	void (GLIContext, GLenum target, GLenum pname, GLint *params)
426	0x6a8	0x6b8	get_separable_filter	glGetSeparableFilter*				426	void (GLIContext, GLenum target, GLenum format, GLenum type, GLvoid *row, GLvoid *column, GLvoid *span)
427	0x6ac	0x6bc	separable_filter2D	glSeparableFilter2D*				427	void (GLIContext, GLenum target, GLenum internalformat, GLsizei width, GLsizei height, GLenum format, GLenum type, const GLvoid *row, const GLvoid *column)
428	0x6b0	0x6c0	get_histogram	glGetHistogram*				428	void (GLIContext, GLenum target, GLboolean reset, GLenum format, GLenum type, GLvoid *values)
429	0x6b4	0x6c4	get_histogram_parameterfv	glGetHistogramParameterfv*				429	void (GLIContext, GLenum target, GLenum pname, GLfloat *params)
430	0x6b8	0x6c8	get_histogram_parameteriv	glGetHistogramParameteriv*				430	void (GLIContext, GLenum target, GLenum pname, GLint *params)
431	0x6bc	0x6cc	get_minmax	glGetMinmax*				431	void (GLIContext, GLenum target, GLboolean reset, GLenum format, GLenum type, GLvoid *values)
432	0x6c0	0x6d0	get_minmax_parameterfv	glGetMinmaxParameterfv*				432	void (GLIContext, GLenum target, GLenum pname, GLfloat *params)
433	0x6c4	0x6d4	get_minmax_parameteriv	glGetMinmaxParameteriv*				433	void (GLIContext, GLenum target, GLenum pname, GLint *params)
434	0x6c8	0x6d8	histogram	glHistogram*				434	void (GLIContext, GLenum target, GLsizei width, GLenum internalformat, GLboolean sink)
435	0x6cc	0x6dc	minmax	glMinmax*				435	void (GLIContext, GLenum target, GLenum internalformat, GLboolean sink)
436	0x6d0	0x6e0	reset_histogram	glResetHistogram*				436	void (GLIContext, GLenum target)
437	0x6d4	0x6e4	reset_minmax	glResetMinmax*				437	void (GLIContext, GLenum target)
438	0x6d8	0x6e8	tex_image3D	glTexImage3D*				438	void (GLIContext, GLenum target, GLint level, GLenum internalFormat, GLsizei width, GLsizei height, GLsizei depth, GLint border, GLenum format, GLenum type, const GLvoid *pixels)
439	0x6dc	0x6ec	tex_sub_image3D	glTexSubImage3D*				439	void (GLIContext, GLenum target, GLint level, GLint xoffset, GLint yoffset, GLint zoffset, GLsizei width, GLsizei height, GLsizei depth, GLenum format, GLenum type, const GLvoid *pixels)
440	0x6e0	0x6f0	copy_tex_sub_image3D	glCopyTexSubImage3D*				440	void (GLIContext, GLenum target, GLint level, GLint xoffset, GLint yoffset, GLint zoffset, GLint x, GLint y, GLsizei width, GLsizei height)
441	0x6e4	0x6f4	combiner_parameterfv_NV	glCombinerParameterfvNV*				441	
442	0x6e8	0x6f8	combiner_parameterf_NV	glCombinerParameterfNV*				442	
443	0x6ec	0x6fc	combiner_parameteriv_NV	glCombinerParameterivNV*				443	
444	0x6f0	0x700	combiner_parameteri_NV	glCombinerParameteriNV*				444	
445	0x6f4	0x704	combiner_input_NV	glCombinerInputNV*				445	
446	0x6f8	0x708	combiner_output_NV	glCombinerOutputNV*				446	
447	0x6fc	0x70c	final_combiner_input_NV	glFinalCombinerInputNV*				447	
448	0x700	0x710	get_combiner_input_parameterfv_NV	glGetCombinerInputParameterfvNV*				448	void (GLIContext, GLenum stage, GLenum portion, GLenum variable, GLenum pname, GLfloat *params)
449	0x704	0x714	get_combiner_input_parameteriv_NV	glGetCombinerInputParameterivNV*				449	void (GLIContext, GLenum stage, GLenum portion, GLenum variable, GLenum pname, GLint *params)
450	0x708	0x718	get_combiner_output_parameterfv_NV	glGetCombinerOutputParameterfvNV*				450	void (GLIContext, GLenum stage, GLenum portion, GLenum pname, GLfloat *params)
451	0x70c	0x71c	get_combiner_output_parameteriv_NV	glGetCombinerOutputParameterivNV*				451	void (GLIContext, GLenum stage, GLenum portion, GLenum pname, GLint *params)
452	0x710	0x720	get_final_combiner_input_parameterfv_NV	glGetFinalCombinerInputParameterfvNV*				452	void (GLIContext, GLenum variable, GLenum pname, GLfloat *params)
453	0x714	0x724	get_final_combiner_input_parameteriv_NV	glGetFinalCombinerInputParameterivNV*				453	void (GLIContext, GLenum variable, GLenum pname, GLint *params)
454	0x718	0x728	combiner_stage_parameterfv_NV	glCombinerStageParameterfvNV*				454	void (GLIContext, GLenum stage, GLenum pname, const GLfloat *params)
455	0x71c	0x72c	get_combiner_stage_parameterfv_NV	glGetCombinerStageParameterfvNV*				455	void (GLIContext, GLenum stage, GLenum pname, GLfloat *params)
456	0x720	0x730	texture_range_APPLE	glTextureRangeAPPLE	Y	Y		456	void (GLIContext, GLenum target, GLsizei length, const GLvoid *pointer)
457	0x724	0x734	get_tex_parameter_pointerv_APPLE	glGetTexParameterPointervAPPLE*				457	void (GLIContext, GLenum target, GLenum pname, GLvoid **params)
458	0x728	0x738	blend_equation_separate_EXT	glBlendEquationSeparateOES	Y	Y	Y	458	void (GLIContext, GLenum equationRGB, GLenum equationAlpha)
459	0x72c	0x73c	sample_coverage	glSampleCoverage	Y	Y	Y	459	void (GLIContext, GLclampf value, GLboolean invert)
460	0x730	0x740	sample_pass	glSamplePass*				460	void (GLIContext, GLenum mode)
461	0x734	0x744	pn_trianglesi_ATI	glPnTrianglesiATI*				461	void (GLIContext, GLenum pname, GLint param)
462	0x738	0x748	pn_trianglesf_ATI	glPnTrianglesfATI*				462	void (GLIContext, GLenum pname, GLfloat param)
463	0x73c	0x74c	gen_fences_APPLE	glGenFencesAPPLE	Y	Y	Y	463	void (GLIContext, GLsizei n, GLuint *fences)
464	0x740	0x750	delete_fences_APPLE	glDeleteFencesAPPLE	Y	Y	Y	464	void (GLIContext, GLsizei n, const GLuint *fences)
465	0x744	0x754	set_fence_APPLE	glSetFenceAPPLE	Y	Y	Y	465	void (GLIContext, GLuint fence)
466	0x748	0x758	is_fence_APPLE	glIsFenceAPPLE	Y	Y	Y	466	GLboolean (GLIContext, GLuint fence)
467	0x74c	0x75c	test_fence_APPLE	glTestFenceAPPLE	Y	Y	Y	467	GLboolean (GLIContext, GLuint fence)
468	0x750	0x760	finish_fence_APPLE	glFinishFenceAPPLE	Y	Y	Y	468	void (GLIContext, GLuint fence)
469	0x754	0x764	test_object_APPLE	glTestObjectAPPLE	Y	Y	Y	469	GLboolean (GLIContext, GLenum object, GLuint name)
470	0x758	0x768	finish_object_APPLE	glFinishObjectAPPLE	Y	Y	Y	470	void (GLIContext, GLenum object, GLuint name)
471	0x75c	0x76c	bind_program_ARB	glBindProgramARB*				471	void (GLIContext, GLenum target, GLuint program)
472	0x760	0x770	delete_programs_ARB	glDeleteProgramsARB*				472	void (GLIContext, GLsizei n, const GLuint *programs)
473	0x764	0x774	gen_programs_ARB	glGenProgramsARB*				473	void (GLIContext, GLsizei n, GLuint *programs)
474	0x768	0x778	is_program_ARB	glIsProgramARB*				474	GLboolean (GLIContext, GLuint program)
475	0x76c	0x77c	vertex_attrib1s_ARB	glVertexAttrib1sARB*				475	void (GLIContext, GLuint index, GLshort x)
476	0x770	0x780	vertex_attrib1f_ARB	glVertexAttrib1f		Y	Y	476	void (GLIContext, GLuint index, GLfloat x)
477	0x774	0x784	vertex_attrib1d_ARB	glVertexAttrib1dARB*				477	void (GLIContext, GLuint index, GLdouble x)
478	0x778	0x788	vertex_attrib2s_ARB	glVertexAttrib2sARB*				478	void (GLIContext, GLuint index, GLshort x, GLshort y)
479	0x77c	0x78c	vertex_attrib2f_ARB	glVertexAttrib2f		Y	Y	479	void (GLIContext, GLuint index, GLfloat x, GLfloat y)
480	0x780	0x790	vertex_attrib2d_ARB	glVertexAttrib2dARB*				480	void (GLIContext, GLuint index, GLdouble x, GLdouble y)
481	0x784	0x794	vertex_attrib3s_ARB	glVertexAttrib3sARB*				481	void (GLIContext, GLuint index, GLshort x, GLshort y, GLshort z)
482	0x788	0x798	vertex_attrib3f_ARB	glVertexAttrib3f		Y	Y	482	void (GLIContext, GLuint index, GLfloat x, GLfloat y, GLfloat z)
483	0x78c	0x79c	vertex_attrib3d_ARB	glVertexAttrib3dARB*				483	void (GLIContext, GLuint index, GLdouble x, GLdouble y, GLdouble z)
484	0x790	0x7a0	vertex_attrib4s_ARB	glVertexAttrib4sARB*				484	void (GLIContext, GLuint index, GLshort x, GLshort y, GLshort z, GLshort w)
485	0x794	0x7a4	vertex_attrib4f_ARB	glVertexAttrib4f		Y	Y	485	void (GLIContext, GLuint index, GLfloat x, GLfloat y, GLfloat z, GLfloat w)
486	0x798	0x7a8	vertex_attrib4d_ARB	glVertexAttrib4dARB*				486	void (GLIContext, GLuint index, GLdouble x, GLdouble y, GLdouble z, GLdouble w)
487	0x79c	0x7ac	vertex_attrib4Nub_ARB	glVertexAttrib4NubARB*				487	void (GLIContext, GLuint index, GLubyte x, GLubyte y, GLubyte z, GLubyte w)
488	0x7a0	0x7b0	vertex_attrib1sv_ARB	glVertexAttrib1svARB*				488	void (GLIContext, GLuint index, const GLshort *v)
489	0x7a4	0x7b4	vertex_attrib1fv_ARB	glVertexAttrib1fv		Y	Y	489	void (GLIContext, GLuint index, const GLfloat *v)
490	0x7a8	0x7b8	vertex_attrib1dv_ARB	glVertexAttrib1dvARB*				490	void (GLIContext, GLuint index, const GLdouble *v)
491	0x7ac	0x7bc	vertex_attrib2sv_ARB	glVertexAttrib2svARB*				491	void (GLIContext, GLuint index, const GLshort *v)
492	0x7b0	0x7c0	vertex_attrib2fv_ARB	glVertexAttrib2fv		Y	Y	492	void (GLIContext, GLuint index, const GLfloat *v)
493	0x7b4	0x7c4	vertex_attrib2dv_ARB	glVertexAttrib2dvARB*				493	void (GLIContext, GLuint index, const GLdouble *v)
494	0x7b8	0x7c8	vertex_attrib3sv_ARB	glVertexAttrib3svARB*				494	void (GLIContext, GLuint index, const GLshort *v)
495	0x7bc	0x7cc	vertex_attrib3fv_ARB	glVertexAttrib3fv		Y	Y	495	void (GLIContext, GLuint index, const GLfloat *v)
496	0x7c0	0x7d0	vertex_attrib3dv_ARB	glVertexAttrib3dvARB*				496	void (GLIContext, GLuint index, const GLdouble *v)
497	0x7c4	0x7d4	vertex_attrib4bv_ARB	glVertexAttrib4bvARB*				497	void (GLIContext, GLuint index, const GLbyte *v)
498	0x7c8	0x7d8	vertex_attrib4sv_ARB	glVertexAttrib4svARB*				498	void (GLIContext, GLuint index, const GLshort *v)
499	0x7cc	0x7dc	vertex_attrib4iv_ARB	glVertexAttrib4ivARB*				499	void (GLIContext, GLuint index, const GLint *v)
500	0x7d0	0x7e0	vertex_attrib4ubv_ARB	glVertexAttrib4ubvARB*				500	void (GLIContext, GLuint index, const GLubyte *v)
501	0x7d4	0x7e4	vertex_attrib4usv_ARB	glVertexAttrib4usvARB*				501	void (GLIContext, GLuint index, const GLushort *v)
502	0x7d8	0x7e8	vertex_attrib4uiv_ARB	glVertexAttrib4uivARB*				502	void (GLIContext, GLuint index, const GLuint *v)
503	0x7dc	0x7ec	vertex_attrib4fv_ARB	glVertexAttrib4fv		Y	Y	503	void (GLIContext, GLuint index, const GLfloat *v)
504	0x7e0	0x7f0	vertex_attrib4dv_ARB	glVertexAttrib4dvARB*				504	void (GLIContext, GLuint index, const GLdouble *v)
505	0x7e4	0x7f4	vertex_attrib4Nbv_ARB	glVertexAttrib4NbvARB*				505	void (GLIContext, GLuint index, const GLbyte *v)
506	0x7e8	0x7f8	vertex_attrib4Nsv_ARB	glVertexAttrib4NsvARB*				506	void (GLIContext, GLuint index, const GLshort *v)
507	0x7ec	0x7fc	vertex_attrib4Niv_ARB	glVertexAttrib4NivARB*				507	void (GLIContext, GLuint index, const GLint *v)
508	0x7f0	0x800	vertex_attrib4Nubv_ARB	glVertexAttrib4NubvARB*				508	void (GLIContext, GLuint index, const GLubyte *v)
509	0x7f4	0x804	vertex_attrib4Nusv_ARB	glVertexAttrib4NusvARB*				509	void (GLIContext, GLuint index, const GLushort *v)
510	0x7f8	0x808	vertex_attrib4Nuiv_ARB	glVertexAttrib4NuivARB*				510	void (GLIContext, GLuint index, const GLuint *v)
511	0x7fc	0x80c	vertex_attrib_pointer_ARB	glVertexAttribPointer		Y	Y	511	void (GLIContext, GLuint index, GLint size, GLenum type, GLboolean normalized, GLsizei stride, const GLvoid *pointer)
512	0x800	0x810	enable_vertex_attrib_array_ARB	glEnableVertexAttribArray		Y	Y	512	void (GLIContext, GLuint index)
513	0x804	0x814	disable_vertex_attrib_array_ARB	glDisableVertexAttribArray		Y	Y	513	void (GLIContext, GLuint index)
514	0x808	0x818	get_vertex_attribdv_ARB	glGetVertexAttribdvARB*				514	void (GLIContext, GLuint index, GLenum pname, GLdouble *params)
515	0x80c	0x81c	get_vertex_attribfv_ARB	glGetVertexAttribfv		Y	Y	515	void (GLIContext, GLuint index, GLenum pname, GLfloat *params)
516	0x810	0x820	get_vertex_attribiv_ARB	glGetVertexAttribiv		Y	Y	516	void (GLIContext, GLuint index, GLenum pname, GLint *params)
517	0x814	0x824	get_vertex_attrib_pointerv_ARB	glGetVertexAttribPointerv		Y	Y	517	void (GLIContext, GLuint index, GLenum pname, GLvoid **pointer)
518	0x818	0x828	program_env_parameter4d_ARB	glProgramEnvParameter4dARB*				518	void (GLIContext, GLenum target, GLuint index, GLdouble x, GLdouble y, GLdouble z, GLdouble w)
519	0x81c	0x82c	program_env_parameter4dv_ARB	glProgramEnvParameter4dvARB*				519	void (GLIContext, GLenum target, GLuint index, const GLdouble *params)
520	0x820	0x830	program_env_parameter4f_ARB	glProgramEnvParameter4fARB*				520	void (GLIContext, GLenum target, GLuint index, GLfloat x, GLfloat y, GLfloat z, GLfloat w)
521	0x824	0x834	program_env_parameter4fv_ARB	glProgramEnvParameter4fvARB*				521	void (GLIContext, GLenum target, GLuint index, const GLfloat *params)
522	0x828	0x838	program_local_parameter4d_ARB	glProgramLocalParameter4dARB*				522	void (GLIContext, GLenum target, GLuint index, GLdouble x, GLdouble y, GLdouble z, GLdouble w)
523	0x82c	0x83c	program_local_parameter4dv_ARB	glProgramLocalParameter4dvARB*				523	void (GLIContext, GLenum target, GLuint index, const GLdouble *params)
524	0x830	0x840	program_local_parameter4f_ARB	glProgramLocalParameter4fARB*				524	void (GLIContext, GLenum target, GLuint index, GLfloat x, GLfloat y, GLfloat z, GLfloat w)
525	0x834	0x844	program_local_parameter4fv_ARB	glProgramLocalParameter4fvARB*				525	void (GLIContext, GLenum target, GLuint index, const GLfloat *params)
526	0x838	0x848	get_program_env_parameterdv_ARB	glGetProgramEnvParameterdvARB*				526	void (GLIContext, GLenum target, GLuint index, GLdouble *params)
527	0x83c	0x84c	get_program_env_parameterfv_ARB	glGetProgramEnvParameterfvARB*				527	void (GLIContext, GLenum target, GLuint index, GLfloat *params)
528	0x840	0x850	get_program_local_parameterdv_ARB	glGetProgramLocalParameterdvARB*				528	void (GLIContext, GLenum target, GLuint index, GLdouble *params)
529	0x844	0x854	get_program_local_parameterfv_ARB	glGetProgramLocalParameterfvARB*				529	void (GLIContext, GLenum target, GLuint index, GLfloat *params)
530	0x848	0x858	program_string_ARB	glProgramStringARB*				530	void (GLIContext, GLenum target, GLenum format, GLsizei len, const GLvoid* string)
531	0x84c	0x85c	get_program_string_ARB	glGetProgramStringARB*				531	void (GLIContext, GLenum target, GLenum pname, GLvoid *string)
532	0x850	0x860	get_programiv_ARB	glGetProgramivARB*				532	void (GLIContext, GLenum target, GLenum pname, GLint *params)
533	0x854	0x864	enable_vertex_attrib_ARB	glEnableVertexAttribARB*				533	void (GLIContext, GLuint index, GLenum pname)
534	0x858	0x868	disable_vertex_attrib_ARB	glDisableVertexAttribARB*				534	void (GLIContext, GLuint index, GLenum pname)
535	0x85c	0x86c	is_vertex_attrib_enabled_ARB	glIsVertexAttribEnabledARB*				535	GLboolean (GLIContext, GLuint index, GLenum pname)
536	0x860	0x870	map_vertex_attrib1d_ARB	glMapVertexAttrib1dARB*				536	void (GLIContext, GLuint index, GLuint size, GLdouble u1, GLdouble u2, GLint stride, GLint order, const GLdouble *points)
537	0x864	0x874	map_vertex_attrib1f_ARB	glMapVertexAttrib1fARB*				537	void (GLIContext, GLuint index, GLuint size, GLfloat u1, GLfloat u2, GLint stride, GLint order, const GLfloat *points)
538	0x868	0x878	map_vertex_attrib2d_ARB	glMapVertexAttrib2dARB*				538	void (GLIContext, GLuint index, GLuint size, GLdouble u1, GLdouble u2, GLint ustride, GLint uorder, GLdouble v1, GLdouble v2, GLint vstride, GLint vorder, const GLdouble *points)
539	0x86c	0x87c	map_vertex_attrib2f_ARB	glMapVertexAttrib2fARB*				539	void (GLIContext, GLuint index, GLuint size, GLfloat u1, GLfloat u2, GLint ustride, GLint uorder, GLfloat v1, GLfloat v2, GLint vstride, GLint vorder, const GLfloat *points)
540	0x870	0x880	point_parameterf	glPointParameterf	Y		Y	540	void (GLIContext, GLenum pname, GLfloat param)
541	0x874	0x884	point_parameterfv	glPointParameterfv	Y		Y	541	void (GLIContext, GLenum pname, const GLfloat *params)
542	0x878	0x888	point_parameteri	glPointParameteri*				542	void (GLIContext, GLenum pname, GLint param)
543	0x87c	0x88c	point_parameteriv	glPointParameteriv*				543	void (GLIContext, GLenum pname, const GLint *params)
544	0x880	0x890	fog_coordf	glFogCoordf*				544	void (GLIContext, GLfloat coord)
545	0x884	0x894	fog_coordfv	glFogCoordfv*				545	void (GLIContext, const GLfloat *coord)
546	0x888	0x898	fog_coordd	glFogCoordd*				546	void (GLIContext, GLdouble coord)
547	0x88c	0x89c	fog_coorddv	glFogCoorddv*				547	void (GLIContext, const GLdouble *coord)
548	0x890	0x8a0	fog_coord_pointer	glFogCoordPointer*				548	void (GLIContext, GLenum type, GLsizei stride, const GLvoid *pointer)
549	0x894	0x8a4	vertex_array_parameteri_EXT	glVertexArrayParameteriEXT*				549	void (GLIContext, GLenum pname, GLint param)
550	0x898	0x8a8	bind_vertex_array_EXT	glBindVertexArrayEXT*				550	void (GLIContext, GLuint id)
551	0x89c	0x8ac	delete_vertex_arrays_EXT	glDeleteVertexArraysEXT*				551	void (GLIContext, GLsizei n, const GLuint *ids)
552	0x8a0	0x8b0	gen_vertex_arrays_EXT	glGenVertexArraysEXT*				552	void (GLIContext, GLsizei n, GLuint *ids)
553	0x8a4	0x8b4	is_vertex_array_EXT	glIsVertexArrayEXT*				553	GLboolean (GLIContext, GLuint id)
554	0x8a8	0x8b8	element_pointer_APPLE	glElementPointerAPPLE*				554	void (GLIContext, GLenum type, const GLvoid *pointer)
555	0x8ac	0x8bc	draw_element_array_APPLE	glDrawElementArrayAPPLE*				555	void (GLIContext, GLenum mode, GLint first, GLsizei count)
556	0x8b0	0x8c0	draw_range_element_array_APPLE	glDrawRangeElementArrayAPPLE*				556	void (GLIContext, GLenum mode, GLuint start, GLuint end, GLint first, GLsizei count)
557	0x8b4	0x8c4	weightbv_ARB	glWeightbvARB*				557	void (GLIContext, GLint size, const GLbyte *weights)
558	0x8b8	0x8c8	weightsv_ARB	glWeightsvARB*				558	void (GLIContext, GLint size, const GLshort *weights)
559	0x8bc	0x8cc	weightiv_ARB	glWeightivARB*				559	void (GLIContext, GLint size, const GLint *weights)
560	0x8c0	0x8d0	weightfv_ARB	glWeightfvARB*				560	void (GLIContext, GLint size, const GLfloat *weights)
561	0x8c4	0x8d4	weightdv_ARB	glWeightdvARB*				561	void (GLIContext, GLint size, const GLdouble *weights)
562	0x8c8	0x8d8	weightubv_ARB	glWeightubvARB*				562	void (GLIContext, GLint size, const GLubyte *weights)
563	0x8cc	0x8dc	weightusv_ARB	glWeightusvARB*				563	void (GLIContext, GLint size, const GLushort *weights)
564	0x8d0	0x8e0	weightuiv_ARB	glWeightuivARB*				564	void (GLIContext, GLint size, const GLuint *weights)
565	0x8d4	0x8e4	weight_pointer_ARB	glWeightPointerARB*				565	void (GLIContext, GLint size, GLenum type, GLsizei stride, const GLvoid *pointer)
566	0x8d8	0x8e8	vertex_blend_ARB	glVertexBlendARB*				566	void (GLIContext, GLint count)
567	0x8dc	0x8ec	multi_draw_arrays	glMultiDrawArrays*				567	void (GLIContext, GLenum mode, const GLint *first, const GLsizei *count, GLsizei drawcount)
568	0x8e0	0x8f0	multi_draw_elements	glMultiDrawElements*				568	void (GLIContext, GLenum mode, const GLsizei *count, GLenum type, const GLvoid* const *indices, GLsizei drawcount)
569	0x8e4	0x8f4	window_pos2d	glWindowPos2d*				569	void (GLIContext, GLdouble x, GLdouble y)
570	0x8e8	0x8f8	window_pos2dv	glWindowPos2dv*				570	void (GLIContext, const GLdouble *v)
571	0x8ec	0x8fc	window_pos2f	glWindowPos2f*				571	void (GLIContext, GLfloat x, GLfloat y)
572	0x8f0	0x900	window_pos2fv	glWindowPos2fv*				572	void (GLIContext, const GLfloat *v)
573	0x8f4	0x904	window_pos2i	glWindowPos2i*				573	void (GLIContext, GLint x, GLint y)
574	0x8f8	0x908	window_pos2iv	glWindowPos2iv*				574	void (GLIContext, const GLint *v)
575	0x8fc	0x90c	window_pos2s	glWindowPos2s*				575	void (GLIContext, GLshort x, GLshort y)
576	0x900	0x910	window_pos2sv	glWindowPos2sv*				576	void (GLIContext, const GLshort *v)
577	0x904	0x914	window_pos3d	glWindowPos3d*				577	void (GLIContext, GLdouble x, GLdouble y, GLdouble z)
578	0x908	0x918	window_pos3dv	glWindowPos3dv*				578	void (GLIContext, const GLdouble *v)
579	0x90c	0x91c	window_pos3f	glWindowPos3f*				579	void (GLIContext, GLfloat x, GLfloat y, GLfloat z)
580	0x910	0x920	window_pos3fv	glWindowPos3fv*				580	void (GLIContext, const GLfloat *v)
581	0x914	0x924	window_pos3i	glWindowPos3i*				581	void (GLIContext, GLint x, GLint y, GLint z)
582	0x918	0x928	window_pos3iv	glWindowPos3iv*				582	void (GLIContext, const GLint *v)
583	0x91c	0x92c	window_pos3s	glWindowPos3s*				583	void (GLIContext, GLshort x, GLshort y, GLshort z)
584	0x920	0x930	window_pos3sv	glWindowPos3sv*				584	void (GLIContext, const GLshort *v)
585	0x924	0x934	active_stencil_face_EXT	glActiveStencilFaceEXT*				585	void (GLIContext, GLenum face)
586	0x928	0x938	stencil_op_separate_ATI	glStencilOpSeparate		Y	Y	586	void (GLIContext, GLenum face, GLenum sfail, GLenum dpfail, GLenum dppass)
587	0x92c	0x93c	stencil_func_separate_ATI	glStencilFuncSeparateATI*				587	void (GLIContext, GLenum frontfunc, GLenum backfunc, GLint ref, GLuint mask)
588	0x930	0x940	flush_render_APPLE	glFlushRenderAPPLE*				588	void (GLIContext)
589	0x934	0x944	finish_render_APPLE	glFinishRenderAPPLE*				589	void (GLIContext)
590	0x938	0x948	swap_APPLE	glSwapAPPLE*				590	void (GLIContext)
591	0x93c	0x94c	delete_object_ARB	glDeleteShader			Y	591	void (GLIContext, GLhandleARB obj)
592	0x940	0x950	get_handle_ARB	glGetHandleARB*				592	GLhandleARB (GLIContext, GLenum pname)
593	0x944	0x954	detach_object_ARB	glDetachShader		Y	Y	593	void (GLIContext, GLhandleARB containerObj, GLhandleARB attachedObj)
594	0x948	0x958	create_shader_object_ARB	glCreateShader		Y	Y	594	GLhandleARB (GLIContext, GLenum shaderType)
595	0x94c	0x95c	shader_source_ARB	glShaderSource		Y	Y	595	void (GLIContext, GLhandleARB shaderObj, GLsizei count, const GLcharARB* const *string, const GLint *length)
596	0x950	0x960	compile_shader_ARB	glCompileShader		Y	Y	596	void (GLIContext, GLhandleARB shaderObj)
597	0x954	0x964	create_program_object_ARB	glCreateProgram		Y	Y	597	GLhandleARB (GLIContext)
598	0x958	0x968	attach_object_ARB	glAttachShader		Y	Y	598	void (GLIContext, GLhandleARB containerObj, GLhandleARB obj)
599	0x95c	0x96c	link_program_ARB	glLinkProgram		Y	Y	599	void (GLIContext, GLhandleARB programObj)
600	0x960	0x970	use_program_object_ARB	glUseProgram		Y	Y	600	void (GLIContext, GLhandleARB programObj)
601	0x964	0x974	validate_program_ARB	glValidateProgram		Y	Y	601	void (GLIContext, GLhandleARB programObj)
602	0x968	0x978	uniform1f_ARB	glUniform1f		Y	Y	602	void (GLIContext, GLint location, GLfloat v0)
603	0x96c	0x97c	uniform2f_ARB	glUniform2f		Y	Y	603	void (GLIContext, GLint location, GLfloat v0, GLfloat v1)
604	0x970	0x980	uniform3f_ARB	glUniform3f		Y	Y	604	void (GLIContext, GLint location, GLfloat v0, GLfloat v1, GLfloat v2)
605	0x974	0x984	uniform4f_ARB	glUniform4f		Y	Y	605	void (GLIContext, GLint location, GLfloat v0, GLfloat v1, GLfloat v2, GLfloat v3)
606	0x978	0x988	uniform1i_ARB	glUniform1i		Y	Y	606	void (GLIContext, GLint location, GLint v0)
607	0x97c	0x98c	uniform2i_ARB	glUniform2i		Y	Y	607	void (GLIContext, GLint location, GLint v0, GLint v1)
608	0x980	0x990	uniform3i_ARB	glUniform3i		Y	Y	608	void (GLIContext, GLint location, GLint v0, GLint v1, GLint v2)
609	0x984	0x994	uniform4i_ARB	glUniform4i		Y	Y	609	void (GLIContext, GLint location, GLint v0, GLint v1, GLint v2, GLint v3)
610	0x988	0x998	uniform1fv_ARB	glUniform1fv		Y	Y	610	void (GLIContext, GLint location, GLsizei count, const GLfloat *value)
611	0x98c	0x99c	uniform2fv_ARB	glUniform2fv		Y	Y	611	void (GLIContext, GLint location, GLsizei count, const GLfloat *value)
612	0x990	0x9a0	uniform3fv_ARB	glUniform3fv		Y	Y	612	void (GLIContext, GLint location, GLsizei count, const GLfloat *value)
613	0x994	0x9a4	uniform4fv_ARB	glUniform4fv		Y	Y	613	void (GLIContext, GLint location, GLsizei count, const GLfloat *value)
614	0x998	0x9a8	uniform1iv_ARB	glUniform1iv		Y	Y	614	void (GLIContext, GLint location, GLsizei count, const GLint *value)
615	0x99c	0x9ac	uniform2iv_ARB	glUniform2iv		Y	Y	615	void (GLIContext, GLint location, GLsizei count, const GLint *value)
616	0x9a0	0x9b0	uniform3iv_ARB	glUniform3iv		Y	Y	616	void (GLIContext, GLint location, GLsizei count, const GLint *value)
617	0x9a4	0x9b4	uniform4iv_ARB	glUniform4iv		Y	Y	617	void (GLIContext, GLint location, GLsizei count, const GLint *value)
618	0x9a8	0x9b8	uniform_matrix2fv_ARB	glUniformMatrix2fv		Y	Y	618	void (GLIContext, GLint location, GLsizei count, GLboolean transpose, const GLfloat *value)
619	0x9ac	0x9bc	uniform_matrix3fv_ARB	glUniformMatrix3fv		Y	Y	619	void (GLIContext, GLint location, GLsizei count, GLboolean transpose, const GLfloat *value)
620	0x9b0	0x9c0	uniform_matrix4fv_ARB	glUniformMatrix4fv		Y	Y	620	void (GLIContext, GLint location, GLsizei count, GLboolean transpose, const GLfloat *value)
621	0x9b4	0x9c4	get_object_parameterfv_ARB	glGetObjectParameterfvARB*				621	void (GLIContext, GLhandleARB obj, GLenum pname, GLfloat *params)
622	0x9b8	0x9c8	get_object_parameteriv_ARB	glGetObjectParameterivARB*				622	void (GLIContext, GLhandleARB obj, GLenum pname, GLint *params)
623	0x9bc	0x9cc	get_info_log_ARB	glGetInfoLogARB*				623	void (GLIContext, GLhandleARB obj, GLsizei maxLength, GLsizei *length, GLcharARB *infoLog)
624	0x9c0	0x9d0	get_attached_objects_ARB	glGetAttachedObjectsARB*				624	void (GLIContext, GLhandleARB containerObj, GLsizei maxCount, GLsizei *count, GLhandleARB *obj)
625	0x9c4	0x9d4	get_uniform_location_ARB	glGetUniformLocation		Y	Y	625	GLint (GLIContext, GLhandleARB programObj, const GLcharARB *name)
626	0x9c8	0x9d8	get_active_uniform_ARB	glGetActiveUniform		Y	Y	626	void (GLIContext, GLhandleARB programObj, GLuint index, GLsizei maxLength, GLsizei *length, GLint *size, GLenum *type, GLcharARB *name)
627	0x9cc	0x9dc	get_uniformfv_ARB	glGetUniformfv		Y	Y	627	void (GLIContext, GLhandleARB programObj, GLint location, GLfloat *params)
628	0x9d0	0x9e0	get_uniformiv_ARB	glGetUniformiv		Y	Y	628	void (GLIContext, GLhandleARB programObj, GLint location, GLint *params)
629	0x9d4	0x9e4	get_shader_source_ARB	glGetShaderSource		Y	Y	629	void (GLIContext, GLhandleARB obj, GLsizei maxLength, GLsizei *length, GLcharARB *source)
630	0x9d8	0x9e8	bind_attrib_location_ARB	glBindAttribLocation		Y	Y	630	void (GLIContext, GLhandleARB programObj, GLuint index, const GLcharARB *name)
631	0x9dc	0x9ec	get_active_attrib_ARB	glGetActiveAttrib		Y	Y	631	void (GLIContext, GLhandleARB programObj, GLuint index, GLsizei maxLength, GLsizei *length, GLint *size, GLenum *type, GLcharARB *name)
632	0x9e0	0x9f0	get_attrib_location_ARB	glGetAttribLocation		Y	Y	632	GLint (GLIContext, GLhandleARB programObj, const GLcharARB *name)
633	0x9e4	0x9f4	clamp_color_ARB	glClampColorARB*				633	void (GLIContext, GLenum target, GLenum clamp)
634	0x9e8	0x9f8	gen_queries	glGenQueries			Y	634	void (GLIContext, GLsizei n, GLuint *ids)
635	0x9ec	0x9fc	delete_queries	glDeleteQueries			Y	635	void (GLIContext, GLsizei n, const GLuint *ids)
636	0x9f0	0xa00	is_query	glIsQuery			Y	636	GLboolean (GLIContext, GLuint id)
637	0x9f4	0xa04	begin_query	glBeginQuery			Y	637	void (GLIContext, GLenum target, GLuint id)
638	0x9f8	0xa08	end_query	glEndQuery			Y	638	void (GLIContext, GLenum target)
639	0x9fc	0xa0c	get_queryiv	glGetQueryiv			Y	639	void (GLIContext, GLenum target, GLenum pname, GLint *params)
640	0xa00	0xa10	get_query_objectiv	glGetQueryObjectiv			Y	640	void (GLIContext, GLuint id, GLenum pname, GLint *params)
641	0xa04	0xa14	get_query_objectuiv	glGetQueryObjectuiv			Y	641	void (GLIContext, GLuint id, GLenum pname, GLuint *params)
642	0xa08	0xa18	bind_buffer	glBindBuffer	Y	Y	Y	642	void (GLIContext, GLenum target, GLuint buffer)
643	0xa0c	0xa1c	delete_buffers	glDeleteBuffers	Y	Y	Y	643	void (GLIContext, GLsizei n, const GLuint *buffers)
644	0xa10	0xa20	gen_buffers	glGenBuffers	Y	Y	Y	644	void (GLIContext, GLsizei n, GLuint *buffers)
645	0xa14	0xa24	is_buffer	glIsBuffer	Y	Y	Y	645	GLboolean (GLIContext, GLuint buffer)
646	0xa18	0xa28	buffer_data	glBufferData	Y	Y	Y	646	void (GLIContext, GLenum target, GLsizeiptrARB size, const GLvoid *data, GLenum usage)
647	0xa1c	0xa2c	buffer_sub_data	glBufferSubData	Y	Y	Y	647	void (GLIContext, GLenum target, GLintptrARB offset, GLsizeiptrARB size, const GLvoid *data)
648	0xa20	0xa30	get_buffer_sub_data	glGetBufferSubData			Y	648	void (GLIContext, GLenum target, GLintptrARB offset, GLsizeiptrARB size, GLvoid *data)
649	0xa24	0xa34	map_buffer	glMapBufferOES	Y	Y	Y	649	GLvoid * (GLIContext, GLenum target, GLenum access)
650	0xa28	0xa38	unmap_buffer	glUnmapBufferOES	Y	Y	Y	650	GLboolean (GLIContext, GLenum target)
651	0xa2c	0xa3c	get_buffer_parameteriv	glGetBufferParameteriv	Y	Y	Y	651	void (GLIContext, GLenum target, GLenum pname, GLint *params)
652	0xa30	0xa40	get_buffer_pointerv	glGetBufferPointervOES	Y	Y	Y	652	void (GLIContext, GLenum target, GLenum pname, GLvoid **params)
653	0xa34	0xa44	depth_bounds_EXT	glDepthBoundsEXT*				653	void (GLIContext, GLclampd zmin, GLclampd zmax)
654	0xa38	0xa48	draw_buffers_ARB	glDrawBuffersARB*				654	void (GLIContext, GLsizei n, const GLenum *bufs)
655	0xa3c	0xa4c	is_shader	glIsShader		Y	Y	655	GLboolean (GLIContext, GLuint shader)
656	0xa40	0xa50	is_program	glIsProgram		Y	Y	656	GLboolean (GLIContext, GLuint program)
657	0xa44	0xa54	get_shaderiv	glGetShaderiv		Y	Y	657	void (GLIContext, GLuint shader, GLenum pname, GLint *params)
658	0xa48	0xa58	get_programiv	glGetProgramiv		Y	Y	658	void (GLIContext, GLuint program, GLenum pname, GLint *params)
659	0xa4c	0xa5c	get_shader_info_log	glGetShaderInfoLog		Y	Y	659	void (GLIContext, GLuint shader, GLsizei bufSize, GLsizei *length, GLchar *infoLog)
660	0xa50	0xa60	get_program_info_log	glGetProgramInfoLog		Y	Y	660	void (GLIContext, GLuint program, GLsizei bufSize, GLsizei *length, GLchar *infoLog)
661	0xa54	0xa64	stencil_func_separate	glStencilFuncSeparate		Y	Y	661	void (GLIContext, GLenum face, GLenum func, GLint ref, GLuint mask)
662	0xa58	0xa68	stencil_mask_separate	glStencilMaskSeparate		Y	Y	662	void (GLIContext, GLenum face, GLuint mask)
663	0xa5c	0xa6c	multi_draw_element_array_APPLE	glMultiDrawElementArrayAPPLE*				663	void (GLIContext, GLenum mode, const GLint *first, const GLsizei *count, GLsizei primcount)
664	0xa60	0xa70	multi_draw_range_element_array_APPLE	glMultiDrawRangeElementArrayAPPLE*				664	void (GLIContext, GLenum mode, GLuint start, GLuint end, const GLint *first, const GLsizei *count, GLsizei primcount)
665	0xa64	0xa74	is_renderbuffer_EXT	glIsRenderbufferOES	Y	Y	Y	665	GLboolean (GLIContext, GLuint renderbuffer)
666	0xa68	0xa78	bind_renderbuffer_EXT	glBindRenderbufferOES	Y	Y	Y	666	void (GLIContext, GLenum target, GLuint renderbuffer)
667	0xa6c	0xa7c	delete_renderbuffers_EXT	glDeleteRenderbuffersOES	Y	Y	Y	667	void (GLIContext, GLsizei n, const GLuint *renderbuffers)
668	0xa70	0xa80	gen_renderbuffers_EXT	glGenRenderbuffersOES	Y	Y	Y	668	void (GLIContext, GLsizei n, GLuint *renderbuffers)
669	0xa74	0xa84	renderbuffer_storage_EXT	glRenderbufferStorageOES	Y	Y	Y	669	void (GLIContext, GLenum target, GLenum internalformat, GLsizei width, GLsizei height)
670	0xa78	0xa88	get_renderbuffer_parameteriv_EXT	glGetRenderbufferParameterivOES	Y	Y	Y	670	void (GLIContext, GLenum target, GLenum pname, GLint *params)
671	0xa7c	0xa8c	is_framebuffer_EXT	glIsFramebufferOES	Y	Y	Y	671	GLboolean (GLIContext, GLuint framebuffer)
672	0xa80	0xa90	bind_framebuffer_EXT	glBindFramebufferOES	Y	Y	Y	672	void (GLIContext, GLenum target, GLuint framebuffer)
673	0xa84	0xa94	delete_framebuffers_EXT	glDeleteFramebuffersOES	Y	Y	Y	673	void (GLIContext, GLsizei n, const GLuint *framebuffers)
674	0xa88	0xa98	gen_framebuffers_EXT	glGenFramebuffersOES	Y	Y	Y	674	void (GLIContext, GLsizei n, GLuint *framebuffers)
675	0xa8c	0xa9c	check_framebuffer_status_EXT	glCheckFramebufferStatusOES	Y	Y	Y	675	GLenum (GLIContext, GLenum target)
676	0xa90	0xaa0	framebuffer_texture1D_EXT	glFramebufferTexture1DEXT*				676	void (GLIContext, GLenum target, GLenum attachment, GLenum textarget, GLuint texture, GLint level)
677	0xa94	0xaa4	framebuffer_texture2D_EXT	glFramebufferTexture2DOES	Y	Y	Y	677	void (GLIContext, GLenum target, GLenum attachment, GLenum textarget, GLuint texture, GLint level)
678	0xa98	0xaa8	framebuffer_texture3D_EXT	glFramebufferTexture3D			Y	678	void (GLIContext, GLenum target, GLenum attachment, GLenum textarget, GLuint texture, GLint level, GLint zoffset)
679	0xa9c	0xaac	framebuffer_renderbuffer_EXT	glFramebufferRenderbufferOES	Y	Y	Y	679	void (GLIContext, GLenum target, GLenum attachment, GLenum renderbuffertarget, GLuint renderbuffer)
680	0xaa0	0xab0	get_framebuffer_attachment_parameteriv_EXT	glGetFramebufferAttachmentParameterivOES	Y	Y	Y	680	void (GLIContext, GLenum target, GLenum attachment, GLenum pname, GLint *params)
681	0xaa4	0xab4	generate_mipmap_EXT	glGenerateMipmapOES	Y	Y	Y	681	void (GLIContext, GLenum target)
682	0xaa8	0xab8	buffer_parameteri_APPLE	glBufferParameteriAPPLE*				682	void (GLIContext, GLenum target, GLenum pname, GLint param)
683	0xaac	0xabc	flush_mapped_buffer_range_APPLE	glFlushMappedBufferRangeAPPLE*				683	void (GLIContext, GLenum target, GLintptr offset, GLsizeiptr size)
684	0xab0	0xac0	program_env_parameters4fv_EXT	glProgramEnvParameters4fvEXT*				684	void (GLIContext, GLenum target, GLuint index, GLsizei count, const GLfloat *params)
685	0xab4	0xac4	program_local_parameters4fv_EXT	glProgramLocalParameters4fvEXT*				685	void (GLIContext, GLenum target, GLuint index, GLsizei count, const GLfloat *params)
686	0xab8	0xac8	object_purgeable_APPLE	glObjectPurgeableAPPLE*				686	GLenum (GLIContext, GLenum objectType, GLuint name, GLenum option)
687	0xabc	0xacc	object_unpurgeable_APPLE	glObjectUnpurgeableAPPLE*				687	GLenum (GLIContext, GLenum objectType, GLuint name, GLenum option)
688	0xac0	0xad0	get_object_parameteriv_APPLE	glGetObjectParameterivAPPLE*				688	void (GLIContext, GLenum objectType, GLuint name, GLenum pname, GLint* params)
689	0xac4	0xad4	program_parameteri_EXT	glProgramParameteriEXT*				689	void (GLIContext, GLuint program_name, GLenum pname, GLint value)
690	0xac8	0xad8	framebuffer_texture_EXT	glFramebufferTextureEXT*				690	void (GLIContext, GLenum target, GLenum attachment, GLuint texture, GLint level)
691	0xacc	0xadc	framebuffer_texture_layer_EXT	glFramebufferTextureLayerEXT*				691	void (GLIContext, GLenum target, GLenum attachment, GLuint texture, GLint level, GLint layer)
692	0xad0	0xae0	framebuffer_texture_face_EXT	glFramebufferTextureFaceEXT*				692	void (GLIContext, GLenum target, GLenum attachment, GLuint texture, GLint level, GLenum face)
693	0xad4	0xae4	bind_buffer_range_EXT	glBindBufferRangeEXT*				693	void (GLIContext, GLenum target, GLuint index, GLuint buffer, GLintptr offset, GLsizeiptr size)
694	0xad8	0xae8	bind_buffer_offset_EXT	glBindBufferOffsetEXT*				694	void (GLIContext, GLenum target, GLuint index, GLuint buffer, GLintptr offset)
695	0xadc	0xaec	bind_buffer_base_EXT	glBindBufferBaseEXT*				695	void (GLIContext, GLenum target, GLuint index, GLuint buffer)
696	0xae0	0xaf0	begin_transform_feedback_EXT	glBeginTransformFeedbackEXT*				696	void (GLIContext, GLenum primitiveMode)
697	0xae4	0xaf4	end_transform_feedback_EXT	glEndTransformFeedbackEXT*				697	void (GLIContext)
698	0xae8	0xaf8	transform_feedback_varyings_EXT	glTransformFeedbackVaryingsEXT*				698	void (GLIContext, GLuint program, GLsizei count, const GLchar* const *varyings, GLenum bufferMode)
699	0xaec	0xafc	get_transform_feedback_varying_EXT	glGetTransformFeedbackVaryingEXT*				699	void (GLIContext, GLuint program, GLuint index, GLsizei bufSize, GLsizei *length, GLsizei *size, GLenum *type, GLchar *name)
700	0xaf0	0xb00	get_integer_indexedv_EXT	glGetIntegerIndexedvEXT*				700	void (GLIContext, GLenum param, GLuint index, GLint *values)
701	0xaf4	0xb04	get_boolean_indexedv_EXT	glGetBooleanIndexedvEXT*				701	void (GLIContext, GLenum param, GLuint index, GLboolean *values)
702	0xaf8	0xb08	uniform_buffer_EXT	glUniformBufferEXT*				702	void (GLIContext, GLuint program, GLint location, GLuint buffer)
703	0xafc	0xb0c	get_uniform_buffer_size_EXT	glGetUniformBufferSizeEXT*				703	GLint (GLIContext, GLuint program, GLint location)
704	0xb00	0xb10	get_uniform_buffer_offset_EXT	glGetUniformBufferOffsetEXT*				704	GLintptr (GLIContext, GLuint program, GLint location)
705	0xb04	0xb14	clear_colorIi_EXT	glClearColorIiEXT*				705	void (GLIContext, GLint r, GLint g, GLint b, GLint a )
706	0xb08	0xb18	clear_colorIui_EXT	glClearColorIuiEXT*				706	void (GLIContext, GLuint r, GLuint g, GLuint b, GLuint a )
707	0xb0c	0xb1c	tex_parameterIiv_EXT	glTexParameterIivEXT*				707	void (GLIContext, GLenum target, GLenum pname, GLint *params )
708	0xb10	0xb20	tex_parameterIuiv_EXT	glTexParameterIuivEXT*				708	void (GLIContext, GLenum target, GLenum pname, GLuint *params )
709	0xb14	0xb24	get_tex_parameterIiv_EXT	glGetTexParameterIivEXT*				709	void (GLIContext, GLenum target, GLenum pname, GLint *params)
710	0xb18	0xb28	get_tex_parameterIuiv_EXT	glGetTexParameterIuivEXT*				710	void (GLIContext, GLenum target, GLenum pname, GLuint *params)
711	0xb1c	0xb2c	vertex_attribI1i_EXT	glVertexAttribI1iEXT*				711	void (GLIContext, GLuint index, GLint x)
712	0xb20	0xb30	vertex_attribI2i_EXT	glVertexAttribI2iEXT*				712	void (GLIContext, GLuint index, GLint x, GLint y)
713	0xb24	0xb34	vertex_attribI3i_EXT	glVertexAttribI3iEXT*				713	void (GLIContext, GLuint index, GLint x, GLint y, GLint z)
714	0xb28	0xb38	vertex_attribI4i_EXT	glVertexAttribI4iEXT*				714	void (GLIContext, GLuint index, GLint x, GLint y, GLint z, GLint w)
715	0xb2c	0xb3c	vertex_attribI1ui_EXT	glVertexAttribI1uiEXT*				715	void (GLIContext, GLuint index, GLuint x)
716	0xb30	0xb40	vertex_attribI2ui_EXT	glVertexAttribI2uiEXT*				716	void (GLIContext, GLuint index, GLuint x, GLuint y)
717	0xb34	0xb44	vertex_attribI3ui_EXT	glVertexAttribI3uiEXT*				717	void (GLIContext, GLuint index, GLuint x, GLuint y, GLuint z)
718	0xb38	0xb48	vertex_attribI4ui_EXT	glVertexAttribI4uiEXT*				718	void (GLIContext, GLuint index, GLuint x, GLuint y, GLuint z, GLuint w)
719	0xb3c	0xb4c	vertex_attribI1iv_EXT	glVertexAttribI1ivEXT*				719	void (GLIContext, GLuint index, const GLint *v)
720	0xb40	0xb50	vertex_attribI2iv_EXT	glVertexAttribI2ivEXT*				720	void (GLIContext, GLuint index, const GLint *v)
721	0xb44	0xb54	vertex_attribI3iv_EXT	glVertexAttribI3ivEXT*				721	void (GLIContext, GLuint index, const GLint *v)
722	0xb48	0xb58	vertex_attribI4iv_EXT	glVertexAttribI4ivEXT*				722	void (GLIContext, GLuint index, const GLint *v)
723	0xb4c	0xb5c	vertex_attribI1uiv_EXT	glVertexAttribI1uivEXT*				723	void (GLIContext, GLuint index, const GLuint *v)
724	0xb50	0xb60	vertex_attribI2uiv_EXT	glVertexAttribI2uivEXT*				724	void (GLIContext, GLuint index, const GLuint *v)
725	0xb54	0xb64	vertex_attribI3uiv_EXT	glVertexAttribI3uivEXT*				725	void (GLIContext, GLuint index, const GLuint *v)
726	0xb58	0xb68	vertex_attribI4uiv_EXT	glVertexAttribI4uivEXT*				726	void (GLIContext, GLuint index, const GLuint *v)
727	0xb5c	0xb6c	vertex_attribI4bv_EXT	glVertexAttribI4bvEXT*				727	void (GLIContext, GLuint index, const GLbyte *v)
728	0xb60	0xb70	vertex_attribI4sv_EXT	glVertexAttribI4svEXT*				728	void (GLIContext, GLuint index, const GLshort *v)
729	0xb64	0xb74	vertex_attribI4ubv_EXT	glVertexAttribI4ubvEXT*				729	void (GLIContext, GLuint index, const GLubyte *v)
730	0xb68	0xb78	vertex_attribI4usv_EXT	glVertexAttribI4usvEXT*				730	void (GLIContext, GLuint index, const GLushort *v)
731	0xb6c	0xb7c	vertex_attribI_pointer_EXT	glVertexAttribIPointerEXT*				731	void (GLIContext, GLuint index, GLint size, GLenum type, GLsizei stride, const GLvoid *pointer)
732	0xb70	0xb80	get_vertex_attribIiv_EXT	glGetVertexAttribIivEXT*				732	void (GLIContext, GLuint index, GLenum pname, GLint *params)
733	0xb74	0xb84	get_vertex_attribIuiv_EXT	glGetVertexAttribIuivEXT*				733	void (GLIContext, GLuint index, GLenum pname, GLuint *params)
734	0xb78	0xb88	uniform1ui_EXT	glUniform1uiEXT*				734	void (GLIContext, GLint location, GLuint v0)
735	0xb7c	0xb8c	uniform2ui_EXT	glUniform2uiEXT*				735	void (GLIContext, GLint location, GLuint v0, GLuint v1)
736	0xb80	0xb90	uniform3ui_EXT	glUniform3uiEXT*				736	void (GLIContext, GLint location, GLuint v0, GLuint v1, GLuint v2)
737	0xb84	0xb94	uniform4ui_EXT	glUniform4uiEXT*				737	void (GLIContext, GLint location, GLuint v0, GLuint v1, GLuint v2, GLuint v3)
738	0xb88	0xb98	uniform1uiv_EXT	glUniform1uivEXT*				738	void (GLIContext, GLint location, GLsizei count, const GLuint *value)
739	0xb8c	0xb9c	uniform2uiv_EXT	glUniform2uivEXT*				739	void (GLIContext, GLint location, GLsizei count, const GLuint *value)
740	0xb90	0xba0	uniform3uiv_EXT	glUniform3uivEXT*				740	void (GLIContext, GLint location, GLsizei count, const GLuint *value)
741	0xb94	0xba4	uniform4uiv_EXT	glUniform4uivEXT*				741	void (GLIContext, GLint location, GLsizei count, const GLuint *value)
742	0xb98	0xba8	get_uniformuiv_EXT	glGetUniformuivEXT*				742	void (GLIContext, GLuint program, GLint location, GLuint *params)
743	0xb9c	0xbac	bind_frag_data_location_EXT	glBindFragDataLocationEXT*				743	void (GLIContext, GLuint program, GLuint colorNumber, const GLchar *name)
744	0xba0	0xbb0	get_frag_data_location_EXT	glGetFragDataLocationEXT*				744	GLint (GLIContext, GLuint program, const GLchar *name)
745	0xba4	0xbb4	color_mask_indexed_EXT	glColorMaskIndexedEXT*				745	void (GLIContext, GLuint index, GLboolean r, GLboolean g, GLboolean b, GLboolean a)
746	0xba8	0xbb8	enable_indexed_EXT	glEnableIndexedEXT*				746	void (GLIContext, GLenum target, GLuint index)
747	0xbac	0xbbc	disable_indexed_EXT	glDisableIndexedEXT*				747	void (GLIContext, GLenum target, GLuint index)
748	0xbb0	0xbc0	is_enabled_indexed_EXT	glIsEnabledIndexedEXT*				748	GLboolean (GLIContext, GLenum target, GLuint index)
749	0xbb4	0xbc4	uniform_matrix2x3fv	glUniformMatrix2x3fv*				749	void (GLIContext, GLint location, GLsizei count, GLboolean transpose, const GLfloat *value)
750	0xbb8	0xbc8	uniform_matrix3x2fv	glUniformMatrix3x2fv*				750	void (GLIContext, GLint location, GLsizei count, GLboolean transpose, const GLfloat *value)
751	0xbbc	0xbcc	uniform_matrix2x4fv	glUniformMatrix2x4fv*				751	void (GLIContext, GLint location, GLsizei count, GLboolean transpose, const GLfloat *value)
752	0xbc0	0xbd0	uniform_matrix4x2fv	glUniformMatrix4x2fv*				752	void (GLIContext, GLint location, GLsizei count, GLboolean transpose, const GLfloat *value)
753	0xbc4	0xbd4	uniform_matrix3x4fv	glUniformMatrix3x4fv*				753	void (GLIContext, GLint location, GLsizei count, GLboolean transpose, const GLfloat *value)
754	0xbc8	0xbd8	uniform_matrix4x3fv	glUniformMatrix4x3fv*				754	void (GLIContext, GLint location, GLsizei count, GLboolean transpose, const GLfloat *value)
755	0xbcc	0xbdc	blit_framebuffer_EXT	glBlitFramebufferEXT*				755	void (GLIContext, GLint srcX0, GLint srcY0, GLint srcX1, GLint srcY1, GLint dstX0, GLint dstY0, GLint dstX1, GLint dstY1, GLbitfield mask, GLenum filter)
756	0xbd0	0xbe0	renderbuffer_storage_multisample_EXT	glRenderbufferStorageMultisampleEXT*				756	void (GLIContext, GLenum target, GLsizei samples, GLenum internalformat, GLsizei width, GLsizei height)
757	0xbd4	0xbe4	begin_conditional_render_NV	glBeginConditionalRenderNV*				757	void (GLIContext, GLuint id, GLenum mode)
758	0xbd8	0xbe8	end_conditional_render_NV	glEndConditionalRenderNV*				758	void (GLIContext)
759	0xbdc	0xbec	get_attached_shaders	glGetAttachedShaders		Y	Y	759	void (GLIContext, GLuint program, GLsizei maxCount, GLsizei *count, GLuint *shaders)
760	0xbe0	0xbf0	provoking_vertex_EXT	glProvokingVertexEXT*				760	void (GLIContext, GLenum mode)
761	0xbe4	0xbf4	alpha_funcx	glAlphaFuncx	Y		Y	761	
762	0xbe8	0xbf8	clear_colorx	glClearColorx	Y		Y	762	
763	0xbec	0xbfc	clear_depthf	glClearDepthf	Y	Y	Y	763	void (GLIContext, GLclampf depth)
764	0xbf0	0xc00	clear_depthx	glClearDepthx	Y		Y	764	
765	0xbf4	0xc04	clip_planef	glClipPlanef	Y		Y	765	
766	0xbf8	0xc08	clip_planex	glClipPlanex	Y		Y	766	
767	0xbfc	0xc0c	color4x	glColor4x	Y		Y	767	
768	0xc00	0xc10	depth_rangef	glDepthRangef	Y	Y	Y	768	void (GLIContext, GLclampf zNear, GLclampf zFar)
769	0xc04	0xc14	depth_rangex	glDepthRangex	Y		Y	769	
770	0xc08	0xc18	fogx	glFogx	Y		Y	770	
771	0xc0c	0xc1c	fogxv	glFogxv	Y		Y	771	
772	0xc10	0xc20	frustumf	glFrustumf	Y		Y	772	
773	0xc14	0xc24	frustumx	glFrustumx	Y		Y	773	
774	0xc18	0xc28	get_clip_planef	glGetClipPlanef	Y		Y	774	
775	0xc1c	0xc2c	get_clip_planex	glGetClipPlanex	Y		Y	775	
776	0xc20	0xc30	get_fixedv	glGetFixedv	Y		Y	776	
777	0xc24	0xc34	get_lightxv	glGetLightxv	Y		Y	777	
778	0xc28	0xc38	get_materialxv	glGetMaterialxv	Y		Y	778	
779	0xc2c	0xc3c	get_tex_envxv	glGetTexEnvxv	Y		Y	779	
780	0xc30	0xc40	get_tex_parameterxv	glGetTexParameterxv	Y		Y	780	
781	0xc34	0xc44	light_modelx	glLightModelx	Y		Y	781	
782	0xc38	0xc48	light_modelxv	glLightModelxv	Y		Y	782	
783	0xc3c	0xc4c	lightx	glLightx	Y		Y	783	
784	0xc40	0xc50	lightxv	glLightxv	Y		Y	784	
785	0xc44	0xc54	line_widthx	glLineWidthx	Y		Y	785	
786	0xc48	0xc58	load_matrixx	glLoadMatrixx	Y		Y	786	
787	0xc4c	0xc5c	materialx	glMaterialx	Y		Y	787	
788	0xc50	0xc60	materialxv	glMaterialxv	Y		Y	788	
789	0xc54	0xc64	mult_matrixx	glMultMatrixx	Y		Y	789	
790	0xc58	0xc68	normal3x	glNormal3x	Y		Y	790	
791	0xc5c	0xc6c	orthof	glOrthof	Y		Y	791	
792	0xc60	0xc70	orthox	glOrthox	Y		Y	792	
793	0xc64	0xc74	point_sizex	glPointSizex	Y		Y	793	
794	0xc68	0xc78	polygon_offsetx	glPolygonOffsetx	Y		Y	794	
795	0xc6c	0xc7c	rotatex	glRotatex	Y		Y	795	
796	0xc70	0xc80	scalex	glScalex	Y		Y	796	
797	0xc74	0xc84	tex_envx	glTexEnvx	Y		Y	797	
798	0xc78	0xc88	tex_envxv	glTexEnvxv	Y		Y	798	
799	0xc7c	0xc8c	tex_parameterx	glTexParameterx	Y		Y	799	
800	0xc80	0xc90	tex_parameterxv	glTexParameterxv	Y		Y	800	
801	0xc84	0xc94	translatex	glTranslatex	Y		Y	801	
802	0xc88	0xc98	multi_tex_coord4x	glMultiTexCoord4x	Y		Y	802	
803	0xc8c	0xc9c	sample_coveragex	glSampleCoveragex	Y		Y	803	
804	0xc90	0xca0	point_parameterx	glPointParameterx	Y		Y	804	
805	0xc94	0xca4	point_parameterxv	glPointParameterxv	Y		Y	805	
806	0xc98	0xca8	point_size_pointer	glPointSizePointerOES	Y		Y	806	void (GLIContext, GLenum type, GLsizei stride, const GLvoid *pointer)
807	0xc9c	0xcac	current_palette_matrix_OES	glCurrentPaletteMatrixOES	Y		Y	807	
808	0xca0	0xcb0	load_palette_from_modelview_matrix_OES	glLoadPaletteFromModelViewMatrixOES	Y		Y	808	
809	0xca4	0xcb4	matrix_index_pointer_OES	glMatrixIndexPointerOES	Y		Y	809	
810	0xca8	0xcb8	weight_pointer_OES	glWeightPointerOES	Y		Y	810	
811	0xcac	0xcbc	drawtexs_OES	glDrawTexsOES	Y		Y	811	
812	0xcb0	0xcc0	drawtexi_OES	glDrawTexiOES	Y		Y	812	
813	0xcb4	0xcc4	drawtexx_OES	glDrawTexxOES	Y		Y	813	
814	0xcb8	0xcc8	drawtexsv_OES	glDrawTexsvOES	Y		Y	814	
815	0xcbc	0xccc	drawtexiv_OES	glDrawTexivOES	Y		Y	815	
816	0xcc0	0xcd0	drawtexxv_OES	glDrawTexxvOES	Y		Y	816	
817	0xcc4	0xcd4	drawtexf_OES	glDrawTexfOES	Y		Y	817	
818	0xcc8	0xcd8	drawtexfv_OES	glDrawTexfvOES	Y		Y	818	
819	0xccc	0xcdc	shader_binary_OES	glShaderBinary		Y	Y	819	
820	0xcd0	0xce0	get_shader_precision_format_OES	glGetShaderPrecisionFormat		Y	Y	820	
821	0xcd4	0xce4	release_shader_compiler_OES	glReleaseShaderCompiler		Y	Y	821	
